,ID,version,HIP,TYC,UCAC,TWOMASS,SDSS,ALLWISE,GAIA,APASS,KIC,objType,typeSrc,ra,dec,POSflag,pmRA,e_pmRA,pmDEC,e_pmDEC,PMflag,plx,e_plx,PARflag,gallong,gallat,eclong,eclat,Bmag,e_Bmag,Vmag,e_Vmag,umag,e_umag,gmag,e_gmag,rmag,e_rmag,imag,e_imag,zmag,e_zmag,Jmag,e_Jmag,Hmag,e_Hmag,Kmag,e_Kmag,TWOMflag,prox,w1mag,e_w1mag,w2mag,e_w2mag,w3mag,e_w3mag,w4mag,e_w4mag,GAIAmag,e_GAIAmag,Tmag,e_Tmag,TESSflag,SPFlag,Teff,e_Teff,logg,e_logg,MH,e_MH,rad,e_rad,mass,e_mass,rho,e_rho,lumclass,lum,e_lum,d,e_d,ebv,e_ebv,numcont,contratio,disposition,duplicate_id,priority,eneg_EBV,epos_EBV,EBVflag,eneg_Mass,epos_Mass,eneg_Rad,epos_Rad,eneg_rho,epos_rho,eneg_logg,epos_logg,eneg_lum,epos_lum,eneg_dist,epos_dist,distflag,eneg_Teff,epos_Teff,TeffFlag,gaiabp,e_gaiabp,gaiarp,e_gaiarp,gaiaqflag,starchareFlag,VmagFlag,BmagFlag,splists,e_RA,e_Dec,RA_orig,Dec_orig,e_RA_orig,e_Dec_orig,raddflag,wdflag,objID
0,137158270,20190415,,,,02004619+7723473,,J020046.35+772347.5,561865560078723200,,,STAR,tmgaia2,30.1923364642694,77.3965686231349,tmgaia2,-0.256327,0.256379,0.576851,0.229897,gaia2,0.403145,0.143332,gaia2,126.791727166891,15.0473880626646,68.9039649148134,58.399711071621,20.065,0.148,18.6068,0.0473,,,,,,,,,,,16.471,0.133,15.873,0.195,15.609,0.219,BCD-222-111-000-0-0,,15.477,0.031,15.958,0.084,13.0,,9.181,,18.2064,0.001721,17.4532,0.0121,rered,gaia2,5283.0,135.0,4.57698,,,,0.81295,,0.91,,1.69375,,DWARF,0.4638146,,2138.61,668.34,0.363457,0.0167476,,,,,,0.0141071,0.0193881,panstarrs,,,,,,,,,,,505.45,831.23,bj2018,,,dered,18.8825,0.020885,17.4155,0.007381,1.0,,gaia2,bpbj,,5.09317135729192,3.56534035646236,30.1923314064252,77.396571106799,0.118798428044538,0.117504696105843,1.0,0,27950229
1,137157553,20190415,,,,01593455+7722410,,J015934.51+772241.0,561853431091062912,,,STAR,tmgaia2,29.8939952891428,77.3780653885365,tmgaia2,-0.765867,0.310848,-2.06871,0.274938,gaia2,1.48901,0.193255,gaia2,126.732037999525,15.0118480918647,68.7870188039648,58.4285955274192,20.638,0.184,19.4951,0.0802,,,,,,,,,,,15.869,0.082,14.982,0.096,14.524,0.08,AAA-222-111-000-0-0,,14.592,0.027,14.612,0.038,12.568,,9.058,,18.4384,0.001865,17.2445,0.0129633,cdwrf,cdwrf,3471.0,162.0,4.70057,0.0470272,,,0.54233,0.0559117,0.538304,0.0529277,3.37471,0.728025,DWARF,0.0384627581,0.0153070828,671.182,93.864,0.341943,0.01741695,,,,,,0.0241723,0.0106616,panstarrs,,,,,,,,,,,81.24,106.488,bj2018,,,cdwrf,19.7232,0.076853,17.2935,0.010001,1.0,,gaia2,bpbj,cooldwarfs_v8,6.17430090896108,4.26398485364212,29.8939801988505,77.378056481591,0.137685882969736,0.14440285166313,1.0,0,27133861
2,629766388,20190415,,,,,,,561853504107382144,,,STAR,gaia2,29.7838911478016,77.3691904304438,gaia2,6.98677,1.16253,2.56432,0.917956,gaia2,0.953628,0.588756,gaia2,126.710511855189,14.9968243514936,68.7412689713974,58.437784772305,,,20.8146,0.2047,,,,,,,,,,,,,,,,,,,,,,,,,,,20.0433,0.005305,19.1003,0.0834,gbprp,gaia2,,,,,,,,,,,,,,,,1227.32,880.403,0.351932,0.02633515,,,,,,0.0335689,0.0191014,panstarrs,,,,,,,,,,,527.035,1233.77,bj2018,,,,20.9297,0.27481,18.8633,0.025135,0.0,,gaia2,,,23.0886905084786,14.2346250296368,29.7840287167567,77.3692014713013,0.449098912126266,0.423694023134353,1.0,0,27860837
3,629767137,20190415,,,,,,,561864769804700416,,,STAR,gaia2,30.2225348019682,77.3365093583758,gaia2,-2.51765,0.809051,2.20659,0.608435,gaia2,0.718494,0.322905,gaia2,126.815387770411,14.9914549775665,68.838386532891,58.3500291066475,,,20.2703,0.0817,,,,,,,,,,,,,,,,,,,,,,,,,,,19.411,0.003969,18.3572,0.0128,rered,gaia2,4024.0,141.0,4.62355,,,,0.641101,,0.63,,2.39089,,DWARF,0.09709126,,1387.14,710.77,0.34829,0.00986952,,,,,,0.0139407,0.00579834,panstarrs,,,,,,,,,,,457.99,963.55,bj2018,,,dered,20.4938,0.085889,18.309,0.020807,1.0,,gaia2,,,16.0637846942167,9.43390243089726,30.2224853554875,77.3365188589763,0.273982686218866,0.244153587692105,1.0,0,28776206
4,137157532,20190415,,,,01591981+7720333,,J015919.86+772033.4,561853263587666816,,,STAR,tmgaia2,29.8328657565794,77.342598422903,tmgaia2,0.0,,0.0,,,,,,126.728589601269,14.9740861625172,68.7232018916292,58.4107213999825,,,20.7194,0.1099,,,,,,,,,,,16.734,0.177,16.343,0.289,15.598,0.219,CDD-222-111-000-0-0,,15.896,0.038,15.787,0.08,12.8,,9.566,,19.8517,0.00528,18.8666,0.0332,gbprp,,,,,,,,,,,,,,,,,,,,,,,,,,,,,,,,,,,,,,,,,,,,,20.8002,0.12731,18.6045,0.025961,0.0,,gaia2,,,0.395300476977032,0.346465223233587,29.8328657565794,77.342598422903,0.395300476977032,0.346465223233587,1.0,0,27133850
5,137157558,20190415,,,,01594425+7723022,,J015944.27+772302.0,561876898792374016,,,STAR,tmgaia2,29.9345159822697,77.3839229848167,tmgaia2,3.56661,0.181243,-3.71366,0.168374,gaia2,0.571033,0.114586,gaia2,126.739223380288,15.0198800888235,68.8071103534061,58.4271742352671,19.128,0.101,18.1158,0.0471,,,,,,,,,,,15.756,0.079,15.064,0.099,15.088,0.14,AAB-222-111-000-0-0,,15.127,0.029,15.162,0.052,13.161,0.53,9.32,,17.6576,0.001101,16.8528,0.0119,rered,gaia2,5091.0,130.0,4.44644,,,,0.91311,,0.85,,1.11648,,DWARF,0.5046069,,1656.38,345.51,0.386832,0.0168691,,,,,,0.0184528,0.0152854,panstarrs,,,,,,,,,,,280.66,410.36,bj2018,,,dered,18.3952,0.017517,16.82,0.007714,1.0,,gaia2,bpbj,,3.60015579136436,2.611039202768,29.9345862892166,77.3839069954565,0.0814197987196086,0.0805315912072588,1.0,0,27133865
6,629767919,20190415,,,,,,,561877143607367680,,,STAR,gaia2,29.9194346469933,77.4110786245154,gaia2,6.2118,1.12737,-3.81077,0.885205,gaia2,0.315702,0.602613,gaia2,126.728338325134,15.0451336536609,68.8365509667947,58.4497751172022,,,20.94,0.1533,,,,,,,,,,,,,,,,,,,,,,,,,,,20.1576,0.006149,19.1369,0.0131,rered,gaia2,4216.0,283.0,4.81359,,,,0.527245,,0.66,,4.50306,,DWARF,0.07912641,,1780.77,1044.51,0.387634,0.0187569,,,,,,0.0209852,0.0165286,panstarrs,,,,,,,,,,,749.38,1339.63,bj2018,,,dered,21.0872,0.199368,19.0056,0.023879,1.0,,gaia2,,,22.3974144643107,13.7273151149006,29.9195573572163,77.4110622170616,0.460928473949244,0.426836273965573,1.0,0,27861174
7,137157566,20190415,,,837-002957,02001978+7723565,,J020019.75+772356.4,561865220778156288,60817974,,STAR,tmgaia2,30.0823416315842,77.399025647061,tmgaia2,-2.65387,0.070071,-1.82991,0.067836,gaia2,0.355766,0.044509,gaia2,126.767129184176,15.0431824500484,68.8724952476014,58.417323554954,17.9,0.283,16.284,0.332,,,,,,,,,,,13.608,0.022,12.949,0.024,12.815,0.029,AAA-222-111-000-0-0,,12.704,0.024,12.761,0.023,12.204,0.226,9.216,,15.8378,0.000513,14.9278,0.0125,rered,gaia2,4620.0,122.0,,,,,4.22576,,,,,,GIANT,,,2553.66,296.535,0.390686,0.0195993,,,,,,0.0195727,0.0196259,panstarrs,,,,,,,,,,,264.2,328.87,bj2018,,,dered,16.7203,0.005341,14.9093,0.001109,1.0,,ucac4,apassdr9,,1.39201741464098,1.05195994751387,30.0822892553772,77.3990177682869,0.0315773173661478,0.0324931594245908,0.0,0,27949776
8,137158280,20190415,,,,02003691+7723146,,,561865186418420608,,,STAR,tmgaia2,30.1538443741504,77.3874408837538,tmgaia2,1.78708,1.59403,-1.31976,1.13684,gaia2,0.928545,1.01006,gaia2,126.785952820294,15.0363059862083,68.8804347766403,58.3983378538903,,,20.5945,0.1534,,,,,,,,,,,16.423,0.132,15.154,,15.58,0.207,BUC-202-101-c0c-0-0,,,,,,,,,,19.5842,0.005196,18.4593,0.0138,rered,gaia2,3935.0,167.0,4.59462,,,,0.652213,,0.61,,2.19868,,DWARF,0.09188656,,1395.69,1037.09,0.361171,0.02440805,,,,,,0.0275419,0.0212742,panstarrs,,,,,,,,,,,709.842,1364.33,bj2018,,,dered,20.7587,0.173969,18.3844,0.029334,1.0,,gaia2,,,31.6722877897196,17.6354115408691,30.1538796117055,77.3874352014561,0.984387279541441,0.712316204659214,1.0,0,27950239
9,137158301,20190415,,,837-002972,02005807+7721072,,J020058.07+772107.3,561864877180783488,60818092,,STAR,tmgaia2,30.241947291125,77.3520484512145,tmgaia2,0.0178934,0.0854556,0.461991,0.0814366,gaia2,0.270701,0.0518531,gaia2,126.81519521512,15.0075645363066,68.8639122882591,58.3589843428988,18.249,0.064,16.5,1.03,,,,,,,,,,,14.115,0.031,13.508,0.03,13.393,0.036,AAA-222-111-000-0-0,,13.266,0.024,13.315,0.025,12.781,,9.582,,16.1705,0.000676,15.3337,0.0074,rered,gaia2,4819.0,122.0,,,,,3.78671,,,,,,GIANT,,,3147.8,520.32,0.350397,0.007246135,,,,,,0.00943218,0.00506009,panstarrs,,,,,,,,,,,444.2,596.44,bj2018,,,dered,16.9576,0.004702,15.3062,0.002273,1.0,,ucac4,bpbj,,1.69716807334428,1.2628832979704,30.2419476429749,77.3520504403424,0.0418799957273136,0.0394396709329773,0.0,0,27950260
10,629767151,20190415,,,,,,,561865014619738368,,,STAR,gaia2,30.1106132815375,77.3494529860753,gaia2,-0.241365,0.986402,-1.45652,0.81378,gaia2,0.278836,0.531542,gaia2,126.78729918059,14.9971810124344,68.8192631974215,58.3758811063943,,,20.5026,0.1124,,,,,,,,,,,,,,,,,,,,,,,,,,,19.8765,0.005865,18.951,0.0117,rered,gaia2,4495.0,273.0,4.89037,,,,0.500586,,0.71,,5.66007,,DWARF,0.09216607,,1861.0,1059.02,0.362572,0.01714745,,,,,,0.0141992,0.0200957,panstarrs,,,,,,,,,,,760.25,1357.79,bj2018,,,dered,20.7404,0.150418,18.8857,0.04755,1.0,,gaia2,,,19.5881941028452,12.6192849922442,30.1106085363737,77.3494467149475,0.397298072487229,0.379079183521183,1.0,0,28776220
11,137157516,20190415,,,,01595552+7718538,,J015955.53+771853.9,561841370822850304,,,STAR,tmgaia2,29.9815626015384,77.3149908447223,tmgaia2,-6.44212,0.186992,0.679489,0.17062,gaia2,0.302656,0.116864,gaia2,126.768821279301,14.9563162941101,68.735408725803,58.3684709738946,18.856,0.112,17.9455,0.0467,,,,,,,,,,,15.916,0.091,15.385,0.126,15.43,0.189,ABC-222-111-000-0-0,,15.353,0.03,15.537,0.065,13.035,,9.109,,17.5883,0.001267,16.8769,0.0077,rered,gaia2,5470.0,132.0,4.26318,,,,1.19834,,0.96,,0.557868,,DWARF,1.15825367,,2615.83,763.41,0.35028,0.007452215,,,,,,0.00988127,0.00502316,panstarrs,,,,,,,,,,,593.24,933.58,bj2018,,,dered,18.2005,0.017314,16.8199,0.005543,1.0,,gaia2,bpbj,,3.71265598179493,2.6458273867868,29.9814362898451,77.3149937703298,0.0879046952185945,0.0802527792108971,1.0,0,27133840
12,137157531,20190415,,,,01595737+7720274,,J015957.44+772026.8,,,,STAR,2mass,29.989066,77.340958,2mass,0.0,,0.0,,,,,,126.763164,14.981754,68.770332,58.386956,,,,,,,,,,,,,,,16.202,0.121,15.534,0.158,14.731,0.104,BCA-222-111-000-0-0,,13.522,0.024,12.804,0.023,9.514,0.034,6.98,0.064,,,17.952,1.0,jhk,,,,,,,,,,,,,,,,,,,,,,,,,,,,,,,,,,,,,,,,,,,,,,,,,,,,,,120.0,120.0,29.989066,77.340958,120.0,120.0,,0,27133849
13,137157572,20190415,,,,01593522+7724452,,J015935.22+772445.3,561877143607367168,,,STAR,tmgaia2,29.8967771590593,77.4125872576326,tmgaia2,-1.07621,0.116415,-0.788704,0.108943,gaia2,0.250004,0.0736352,gaia2,126.722993129689,15.0452519676493,68.8313526382338,58.4541640158761,18.427,0.074,17.3291,0.046,,,,,,,,,,,15.061,0.042,14.417,0.062,14.388,0.074,AAA-222-111-000-0-0,,14.318,0.026,14.313,0.033,13.162,,8.884,,16.8963,0.000836,16.1093,0.0061,rered,gaia2,5662.0,124.0,3.73335,,,,2.26213,,1.01,,0.0872503,,DWARF,4.73816729,,3165.36,713.065,0.512945,0.00107355346,,,,,,0.00159514,0.000551967,schlegel,,,,,,,,,,,582.4,843.73,bj2018,,,dered,17.6004,0.005654,16.0718,0.003106,1.0,,gaia2,bpbj,,2.31289325400506,1.68944830855703,29.8967558966967,77.4125838618245,0.0522368989606458,0.0530085202015245,1.0,0,27133871
14,629766363,20190415,,,,,,,561853190572860544,,,STAR,gaia2,29.8576722701166,77.3319333402607,gaia2,1.91548,1.12184,-3.03233,0.795885,gaia2,0.341953,0.467232,gaia2,126.736987705631,14.9652806084224,68.7175955171088,58.3991140320061,,,20.5502,0.1111,,,,,,,,,,,,,,,,,,,,,,,,,,,19.75,0.004603,18.7247,0.0104,rered,gaia2,4117.0,205.0,4.57256,,,,0.685238,,0.64,,1.98909,,DWARF,0.121535055,,1851.29,1023.3,0.355655,0.01321965,,,,,,0.0115612,0.0148781,panstarrs,,,,,,,,,,,728.02,1318.58,bj2018,,,dered,20.8028,0.134008,18.6968,0.030125,1.0,,gaia2,,,22.2743089391753,12.3408759266777,29.8577098766506,77.331920284398,0.4157966520849,0.339052253121293,1.0,0,27860812
15,629767910,20190415,,,,,,,561877036232164992,,,STAR,gaia2,29.99917849103,77.4107374348428,gaia2,-3.22851,0.399025,1.16705,0.346305,gaia2,0.0702404,0.230395,gaia2,126.745758545314,15.0495150918606,68.8611154764339,58.4380727382054,,,19.3292,0.0573,,,,,,,,,,,,,,,,,,,,,,,,,,,18.8864,0.002646,18.0903,0.0146,rered,gaia2,5588.0,224.0,4.59955,,,,0.826184,,0.99,,1.75552,,DWARF,0.5996172,,2822.28,1112.19,0.508487,0.004118415,,,,,,0.0069597,0.00127713,schlegel,,,,,,,,,,,863.45,1360.92,bj2018,,,dered,19.5685,0.061211,18.0213,0.015604,1.0,,gaia2,,,7.927415675148,5.37030248559346,29.9991147155339,77.410742459649,0.170197679814073,0.166283710913237,1.0,0,27861167
16,137157551,20190415,,,,01594750+7722209,,J015947.51+772220.7,561853362371584128,,,STAR,tmgaia2,29.9480781228135,77.372503459334,tmgaia2,-0.0330249,0.252739,0.27506,0.22863,gaia2,0.349512,0.155595,gaia2,126.745377229359,15.0096889234406,68.7970166444956,58.4166267395389,19.255,0.143,18.4498,0.0463,,,,,,,,,,,16.318,0.126,15.504,0.141,15.552,0.206,BBC-222-111-000-0-0,,15.473,0.031,15.643,0.069,13.13,,9.66,,18.0562,0.001434,17.3096,0.01,rered,gaia2,5297.0,126.0,4.46615,,,,0.923595,,0.91,,1.15504,,DWARF,0.605030835,,2299.78,787.755,0.357431,0.0126158,,,,,,0.0115147,0.0137169,panstarrs,,,,,,,,,,,590.27,985.24,bj2018,,,dered,18.692,0.010556,17.2383,0.006804,1.0,,gaia2,bpbj,,5.01993357423309,3.54551237685547,29.948077472388,77.3725046436201,0.113533678165532,0.111299771834051,1.0,0,27133859
17,629765654,20190415,,,,,,,561841439542337536,,,STAR,gaia2,29.9256948449753,77.3287409761108,gaia2,-2.03904,1.07887,0.682946,0.973842,gaia2,1.10107,0.541006,gaia2,126.7527497114,14.9662324832592,68.73502323557,58.3868929697798,,,20.8409,0.139,,,,,,,,,,,,,,,,,,,,,,,,,,,20.116,0.00683,19.1326,0.0181,rered,gaia2,4262.0,281.0,,,,,,,,,,,DWARF,,,1063.65,777.549,0.348981,0.0152641,,,,,,0.0133661,0.0171621,panstarrs,,,,,,,,,,,430.739,1124.36,bj2018,,,dered,21.0979,0.182834,19.0968,0.040016,1.0,,gaia2,,,21.4214010334461,15.1003125014992,29.9256548225138,77.3287439165758,0.429757783978731,0.417094415370613,1.0,0,27860411
18,137157523,20190415,,,,02000375+7719240,,J020003.76+771924.3,,,,STAR,2mass,30.015656,77.323357,2mass,0.0,,0.0,,,,,,126.77392,14.966398,68.75666,58.369856,19.985,0.143,,,,,,,,,,,,,16.264,0.128,15.552,0.178,15.088,0.145,BCB-222-111-000-0-0,,14.519,0.027,14.412,0.036,12.887,,9.679,,,,17.49,0.151,bpjk,,,,,,,,,,,,,,,,,,,,,,,,,,,,,,,,,,,,,,,,,,,,,,,,,,,,bpbj,,210.244,239.786,30.015656,77.323357,210.244,239.786,,0,27949756
19,629765664,20190415,,,,,,,561841611341050496,,,STAR,gaia2,29.9896908748868,77.3548814984604,gaia2,-0.533943,0.779541,1.09663,0.583442,gaia2,0.488691,0.310218,gaia2,126.759394253576,14.9951943822207,68.7879794961577,58.3973656773367,,,19.709,0.0553,,,,,,,,,,,,,,,,,,,,,,,,,,,19.3461,0.003484,18.6289,0.0173,rered,gaia2,5457.0,214.0,,,,,,,,,,,DWARF,,,1758.45,875.75,0.355593,0.0130239,,,,,,0.0114206,0.0146272,panstarrs,,,,,,,,,,,600.13,1151.37,bj2018,,,dered,19.893,0.055331,18.5008,0.029393,1.0,,gaia2,,,15.4797708729019,9.04640949092671,29.989680373294,77.354886220062,0.260210490972714,0.235217704112136,1.0,0,27860416
20,629767902,20190415,,,,,,,561876933152936192,,,STAR,gaia2,29.9787643994161,77.3985402638348,gaia2,3.49952,0.800209,-2.28368,0.607321,gaia2,0.151739,0.340165,gaia2,126.744750232562,15.036567529872,68.8393773684179,58.4318195693971,,,19.9972,0.078,,,,,,,,,,,,,,,,,,,,,,,,,,,19.3998,0.003093,18.4903,0.0149,rered,gaia2,4621.0,207.0,4.57524,,,,0.72958,,0.73,,1.87977,,DWARF,0.218667477,,2275.16,1075.43,0.390515,0.01735765,,,,,,0.0204412,0.0142741,panstarrs,,,,,,,,,,,800.84,1350.02,bj2018,,,dered,20.2464,0.097204,18.4364,0.020547,1.0,,gaia2,,,15.89523360959,9.41675746123436,29.9788334625723,77.3985304313325,0.278173487442052,0.248596248187245,1.0,0,27861164
21,137157549,20190415,,,837-002944,01592749+7722175,,J015927.50+772217.4,561853401028166272,,,STAR,tmgaia2,29.8646196153262,77.3715041339133,tmgaia2,-0.923967,0.104569,3.34256,0.0952812,gaia2,0.761715,0.0656264,gaia2,126.727468934824,15.0037982945967,68.7695368838975,58.4278888323497,18.473,0.073,16.9912,0.0462,,,,,,,,,,,14.827,0.042,14.358,0.051,14.24,0.065,AAA-222-111-000-0-0,,14.188,0.026,14.28,0.034,12.94,,9.168,,16.6037,0.000772,15.8629,0.0096,rered,gaia2,5312.0,125.0,4.41349,,,,0.981323,,0.91,,0.962953,,DWARF,0.690798044,,1267.66,108.23,0.352597,0.01203511,,,,,,0.00907672,0.0149935,panstarrs,,,,,,,,,,,99.27,117.19,bj2018,,,dered,17.2568,0.010392,15.815,0.002461,1.0,,gaia2,bpbj,,2.07697215054392,1.47756227812112,29.8646014192092,77.3715185254918,0.0481143929446788,0.0455956284363739,1.0,0,27133858
22,137157557,20190415,,,,01590852+7722552,,J015908.51+772255.7,561853671609233152,,,STAR,tmgaia2,29.7853824054591,77.382029426834,tmgaia2,-1.5414,0.593527,0.764732,0.448332,gaia2,0.912515,0.252071,gaia2,126.707271458557,15.0092802554885,68.7579196413018,58.4472192242655,19.822,0.164,19.5684,0.0625,,,,,,,,,,,16.488,0.149,15.487,,15.176,,BUU-200-100-000-0-0,,15.596,0.032,15.811,0.076,13.278,,9.519,,18.9784,0.004592,18.0779,0.0136,rered,gaia2,4555.0,160.0,,,,,,,,,,,DWARF,,,1107.68,393.153,0.350364,0.0202887,,,,,,0.0227009,0.0178765,panstarrs,,,,,,,,,,,275.956,510.35,bj2018,,,dered,19.7319,0.062515,17.9337,0.024072,1.0,,gaia2,bpbj,,11.7882519101215,6.95196758427449,29.7853520250335,77.3820327194318,0.202086167885066,0.198048386732346,1.0,0,27133864
23,137157571,20190415,,,,02000286+7724367,,J020002.96+772436.6,561877040528151936,,,STAR,tmgaia2,30.0120090916538,77.4102044333959,tmgaia2,13.4523,0.184045,-4.93091,0.164413,gaia2,0.726606,0.112292,gaia2,126.748695514437,15.0497619702174,68.8644682009756,58.4358310050463,19.4,0.092,18.1381,0.0474,,,,,,,,,,,15.586,0.07,15.09,0.1,15.085,0.138,AAB-222-111-000-0-0,,14.88,0.029,14.886,0.044,12.903,0.431,8.8,,17.6538,0.001108,16.8278,0.0116,rered,gaia2,4976.0,131.0,4.57212,,,,0.776037,,0.82,,1.75455,,DWARF,0.332645416,,1330.94,214.815,0.384177,0.0166429,,,,,,0.0194417,0.0138441,panstarrs,,,,,,,,,,,182.3,247.33,bj2018,,,dered,18.4165,0.020122,16.7947,0.005162,1.0,,gaia2,bpbj,,3.65642923122185,2.54959848365609,30.012274815276,77.4101832032199,0.0801728450513313,0.0781167245803419,1.0,0,27949780
24,137158261,20190415,,,838-003167,02005031+7724105,,J020050.35+772410.5,561865564375537920,,,STAR,tmgaia2,30.2098172398923,77.4029455381412,tmgaia2,-3.02165,0.0988248,-1.51325,0.0930633,gaia2,0.681958,0.0609414,gaia2,126.793710134281,15.05456719556,68.9174423113842,58.402021491906,18.1,0.074,16.709,0.904,,,,,,,,,,,14.898,0.041,14.429,0.054,14.391,0.073,AAA-222-111-000-0-0,,14.292,0.026,14.379,0.033,13.045,,9.503,,16.6949,0.000671,15.9522,0.012,rered,gaia2,5348.0,125.0,4.36324,,,,1.04546,,0.92,,0.80514,,DWARF,0.80551064,,1408.12,123.85,0.365397,0.01662639,,,,,,0.0246176,0.00863518,panstarrs,,,,,,,,,,,113.32,134.38,bj2018,,,dered,17.3509,0.010149,15.906,0.002567,1.0,,ucac4,bpbj,,1.9633358530752,1.44325565051071,30.2097575870018,77.4029390227658,0.0465534866965816,0.0472758355375947,1.0,0,27950220
25,137157573,20190415,,,838-003141,01594761+7724566,,J015947.65+772456.7,561877246686581248,,,STAR,tmgaia2,29.9484898408553,77.4157588846069,tmgaia2,4.9048,0.101356,-1.03786,0.0948149,gaia2,0.662183,0.059453,gaia2,126.733338702945,15.0513525841451,68.8515470376334,58.4491250056137,17.819,0.071,16.6813,0.046,,,,,,,,,,,14.505,0.035,14.143,0.045,13.916,0.052,AAA-222-111-000-0-0,,13.905,0.025,13.98,0.029,13.043,,9.573,,16.3075,0.000788,15.5788,0.0125,rered,gaia2,5503.0,124.0,4.24316,,,,1.23265,,0.97,,0.517913,,DWARF,1.25536323,,1447.87,127.69,0.384844,0.0172679,,,,,,0.0181521,0.0163837,panstarrs,,,,,,,,,,,116.8,138.58,bj2018,,,dered,16.9479,0.006981,15.5334,0.004386,1.0,,gaia2,bpbj,,2.01368206561758,1.47035436246843,29.9485867675666,77.4157544160604,0.0423320396824691,0.046117480764367,1.0,0,27133872
26,629767901,20190415,,,,,,,561876933152118144,,,STAR,gaia2,29.9615745564332,77.3918940461226,gaia2,-0.397582,1.04406,3.89751,0.779298,gaia2,0.461062,0.464954,gaia2,126.742877390217,15.0291531854912,68.8256272135653,58.4292850800102,,,20.0589,0.0735,,,,,,,,,,,,,,,,,,,,,,,,,,,19.6906,0.004498,18.9673,0.0145,rered,gaia2,5545.0,361.0,,,,,,,,,,,DWARF,,,1716.35,984.57,0.387226,0.0180086,,,,,,0.0206673,0.0153499,panstarrs,,,,,,,,,,,679.95,1289.19,bj2018,,,dered,20.2431,0.111651,18.8399,0.032349,1.0,,gaia2,,,20.7386401387629,12.0842389668054,29.9615667142069,77.3919108270687,0.386457968343426,0.351732271333633,1.0,0,27861163
27,629767918,20190415,,,,,,,561877143605791232,,,STAR,gaia2,29.8668461274314,77.41157841148,gaia2,12.6805,1.13402,-8.09361,0.871794,gaia2,0.652935,0.570581,gaia2,126.716770827479,15.0425206944539,68.8207058637347,58.4577058608579,,,21.1423,0.1568,,,,,,,,,,,,,,,,,,,,,,,,,,,20.1662,0.005606,19.0515,0.0129,rered,gaia2,3972.0,179.0,4.77232,,,,0.535884,,0.62,,4.02882,,DWARF,0.06439822,,1500.95,960.795,0.38513,0.02145455,,,,,,0.0254134,0.0174957,panstarrs,,,,,,,,,,,638.331,1283.26,bj2018,,,dered,21.2887,0.182519,18.956,0.022474,1.0,,gaia2,,,22.5294260676733,13.5196404289798,29.8670966325661,77.4115435641087,0.455484228145824,0.429795660350132,1.0,0,27861173
28,629767152,20190415,,,,,,,561865044682626304,,,STAR,gaia2,30.0875012699756,77.3657661942648,gaia2,-0.821342,0.925264,2.32802,0.707296,gaia2,0.571736,0.37955,gaia2,126.777649306939,15.0114928831069,68.832412666808,58.3915076993953,,,20.0845,0.0651,,,,,,,,,,,,,,,,,,,,,,,,,,,19.6191,0.004312,18.8098,0.0155,rered,gaia2,4987.0,222.0,,,,,,,,,,,DWARF,,,1603.02,884.555,0.362466,0.017763,,,,,,0.0154991,0.0200269,panstarrs,,,,,,,,,,,588.8,1180.31,bj2018,,,dered,20.3851,0.074202,18.7968,0.036076,1.0,,gaia2,,,18.3750813452953,10.966855161161,30.0874851021277,77.3657762176848,0.317077399071446,0.287425868947683,1.0,0,28776221
29,137158260,20190415,,,,02003672+7724136,,J020036.58+772413.4,561865633095014912,,,STAR,tmgaia2,30.1531536972288,77.4038447721189,tmgaia2,-1.65763,0.164403,1.49349,0.158986,gaia2,0.403656,0.0994727,gaia2,126.781149201235,15.0520409833759,68.9007727412135,58.4108107131368,19.61,0.096,18.129,0.0474,,,,,,,,,,,15.73,0.075,15.019,0.091,15.065,0.138,AAB-222-111-c00-0-0,,14.551,0.027,14.561,0.038,12.87,,9.435,,17.6204,0.001124,16.777,0.0115,rered,gaia2,4828.0,129.0,4.05042,,,,1.37997,,0.78,,0.296815,,DWARF,0.932186,,2210.55,512.13,0.363476,0.0167454,,,,,,0.0140631,0.0194277,panstarrs,,,,,,,,,,,410.61,613.65,bj2018,,,dered,18.4037,0.020026,16.7396,0.004094,1.0,,gaia2,bpbj,,3.26616748359626,2.46556535285091,30.1531209702862,77.4038512024251,0.0765248661235152,0.079509779837768,1.0,0,27950219
30,629766370,20190415,,,,,,,561853328011830400,,,STAR,gaia2,29.9539965181885,77.3518894282162,gaia2,1.19993,0.866261,0.462429,0.649367,gaia2,0.583529,0.352145,gaia2,126.752446762365,14.9901957309883,68.7729890822573,58.4002505328291,,,20.0488,0.0665,,,,,,,,,,,,,,,,,,,,,,,,,,,19.4784,0.003435,18.5908,0.0111,rered,gaia2,4617.0,178.0,4.95365,,,,0.471923,,0.73,,6.94561,,DWARF,0.09117505,,1590.89,858.61,0.355474,0.0134985,,,,,,0.0127695,0.0142275,panstarrs,,,,,,,,,,,568.07,1149.15,bj2018,,,dered,20.3176,0.074189,18.5507,0.022425,1.0,,gaia2,,,17.2016043612812,10.0687824199635,29.9540201129239,77.351891419231,0.295793071200631,0.268997918271394,1.0,0,27860819
31,137157524,20190415,,,,02001271+7719291,,J020012.75+771929.1,561841512558700032,,,STAR,tmgaia2,30.0528431731623,77.3247408197941,tmgaia2,11.7568,0.137894,6.05244,0.125029,gaia2,0.425154,0.081674,gaia2,126.781664855122,14.9699515159618,68.7701152509992,58.3655487042244,18.318,0.091,17.4336,0.0461,,,,,,,,,,,15.599,0.065,15.409,0.136,14.947,0.122,ABB-222-111-000-0-0,,14.854,0.028,14.877,0.044,13.24,,9.763,,17.1249,0.000984,16.4644,0.0079,rered,gaia2,5783.0,127.0,4.39209,,,,1.07525,,1.04,,0.836586,,DWARF,1.164991,,2147.22,399.69,0.350119,0.00771112,,,,,,0.0104894,0.00493284,panstarrs,,,,,,,,,,,332.89,466.49,bj2018,,,dered,17.6774,0.009911,16.4007,0.004801,1.0,,gaia2,bpbj,,2.73797867590802,1.93888556726378,30.053073865038,77.3247668790078,0.0630792744162498,0.0602410025941408,1.0,0,27949757
32,137157568,20190415,,4499-02196-1,838-003157,02002979+7724112,,J020029.79+772411.0,561865255137893504,60817999,,STAR,tmgaia2,30.1239263833956,77.4031098864215,tmgaia2,-3.62248,0.0467763,-5.47953,0.0483051,gaia2,4.83765,0.0328269,gaia2,126.775009194967,15.0495893464285,68.8906746849761,58.4144426412944,11.445,0.098,10.742,0.007,,,,,,,,,,,9.519,0.018,9.194,0.017,9.135,0.019,AAA-222-111-000-0-0,,9.079,0.024,9.12,0.019,9.079,0.027,9.02,0.342,10.595,0.000243,10.1718,0.0062,rered,gaia2,6038.0,235.516,4.25739,0.0943895,,,1.30359,0.0619497,1.121,0.18664,0.506041,0.135531,DWARF,2.03491783,0.226469,205.496,1.3965,0.0501288,0.04050645,177.0,0.0584454276,,,0.00179260119,0.0270214,0.0539915,panstarrs,0.172265,0.201015,0.0646884,0.0592111,0.110457,0.160605,0.0814169,0.107362,0.168192,0.284746,1.387,1.406,bj2018,163.485,307.546,dered,10.9177,0.001765,10.1117,0.002711,1.0,,tycho2v3,tycho2b3,,0.929313082151331,0.749078588343739,30.1238548681053,77.40308629401,0.0226711539539014,0.0228810227294566,1.0,0,27949778
33,137158315,20190415,,,837-002964,02004241+7720034,,J020042.40+772003.5,561864739741834752,60818039,,STAR,tmgaia2,30.1766244687893,77.3343194905207,tmgaia2,0.555168,0.0825746,0.375034,0.0768842,gaia2,0.251046,0.051335,gaia2,126.805990774172,14.9865853181664,68.8211598306997,58.3549699653271,17.308,0.119,16.052,0.389,,,,,,,,,,,14.483,0.035,14.124,0.051,14.052,0.054,AAA-222-111-000-0-0,,13.992,0.025,14.04,0.031,12.835,,9.06,,16.1054,0.000626,15.4403,0.0077,rered,gaia2,5754.0,124.0,3.59017,,,,2.69383,,1.03,,0.05269,,DWARF,7.166607,,3325.91,568.21,0.350416,0.00724087,,,,,,0.00943324,0.0050485,panstarrs,,,,,,,,,,,483.4,653.02,bj2018,,,dered,16.6689,0.006606,15.3827,0.003985,1.0,,ucac4,apassdr9,,1.63973777041673,1.19232806066623,30.176635370398,77.3343211052507,0.0400603565748576,0.0385377592250293,1.0,0,27950274
34,137157526,20190415,,,,01594351+7719335,,J015943.58+771933.6,561841443839223680,,,STAR,tmgaia2,29.9312907441306,77.3260452690742,tmgaia2,1.2846,0.251318,5.47059,0.22397,gaia2,0.559025,0.150083,gaia2,126.754727618564,14.9639691538733,68.7334055941923,58.384054862904,19.203,0.112,18.3856,0.0476,,,,,,,,,,,15.981,0.092,15.41,0.145,15.279,0.162,ABC-222-111-000-0-0,,15.25,0.03,15.33,0.057,13.087,,9.624,,17.9356,0.001552,17.1394,0.0097,rered,gaia2,5030.0,133.0,4.54833,,,,0.80725,,0.84,,1.59682,,DWARF,0.3758224,,1679.57,473.815,0.355539,0.0124668,,,,,,0.0107393,0.0141943,panstarrs,,,,,,,,,,,360.83,586.8,bj2018,,,dered,18.6617,0.022421,17.1013,0.00566,1.0,,gaia2,bpbj,,4.99009725769633,3.47318298064547,29.9313159531,77.3260688230045,0.113161413115608,0.106980188915294,1.0,0,27133847
35,137157542,20190415,,,,01590727+7721319,,J015907.14+772132.5,561853465450787584,,,STAR,tmgaia2,29.7803426145131,77.358883193114,tmgaia2,-1.76573,0.296761,-0.202418,0.243335,gaia2,-0.0553701,0.169343,gaia2,126.712599339941,14.9866865153614,68.7271685931994,58.4305488153627,19.69,0.165,18.7987,0.0489,,,,,,,,,,,16.547,0.15,16.002,0.212,15.617,0.225,BDD-222-211-c00-0-0,,15.457,0.033,15.425,0.06,12.481,,9.318,,18.3196,0.001654,17.4917,0.0063,rered,gaia2,5410.0,147.0,4.0519,,,,1.51234,,0.94,,0.271757,,DWARF,1.76515281,,3684.77,1237.1,0.510847,0.0009300075,,,,,,0.00164157,0.000218445,schlegel,,,,,,,,,,,1003.68,1470.52,bj2018,,,dered,19.0991,0.029287,17.4864,0.006054,1.0,,gaia2,bpbj,,5.8935257835384,3.77360237959984,29.7803078753147,77.3588823215943,0.123269244368289,0.120044178390088,1.0,0,27133855
36,629766368,20190415,,,,,,,561853328011829632,,,STAR,gaia2,29.9655390448852,77.3505933746044,gaia2,-1.3376,0.909318,-2.65772,0.679971,gaia2,0.375038,0.373682,gaia2,126.755328948712,14.9896328873961,68.774995915868,58.397611929254,,,20.1431,0.0878,,,,,,,,,,,,,,,,,,,,,,,,,,,19.5209,0.003921,18.653,0.0256,gbprp,gaia2,,,,,,,,,,,,,,,,1890.45,982.71,0.355679,0.012957,,,,,,0.0109383,0.0149757,panstarrs,,,,,,,,,,,693.94,1271.48,bj2018,,,,20.1723,0.108401,18.3236,0.039866,0.0,,gaia2,,,18.0565048113698,10.5433733003955,29.9655127457368,77.3505819316445,0.313499116334538,0.283894010929929,1.0,0,27860817
37,629766380,20190415,,,,,,,561853431091062656,,,STAR,gaia2,29.8852924400789,77.3771311791603,gaia2,-0.537916,0.817714,1.36019,0.623233,gaia2,0.511442,0.37183,gaia2,126.730403090082,15.0104353182824,68.7831103842639,58.4291453340039,,,19.8572,0.0726,,,,,,,,,,,,,,,,,,,,,,,,,,,19.4748,0.003752,18.767,0.0326,gbprp,gaia2,,,,,,,,,,,,,,,,1692.31,906.855,0.355548,0.0133295,,,,,,0.0122109,0.0144481,panstarrs,,,,,,,,,,,616.79,1196.92,bj2018,,,,19.9983,0.107512,18.5666,0.030036,0.0,,gaia2,,,16.2409858493918,9.66434786727079,29.8852818420003,77.3771370355342,0.309207485734163,0.286121490260947,1.0,0,27860829
38,137157545,20190415,,,,02000143+7722026,,,561865079042364160,,,STAR,tmgaia2,30.0059806242592,77.3673254906557,tmgaia2,6.35041,0.289589,-1.80004,0.236118,gaia2,0.245247,0.154044,gaia2,126.759447733606,15.0081386641654,68.8087193234209,58.4043986802856,19.388,0.139,18.5274,0.0491,,,,,,,,,,,16.256,0.122,15.82,0.198,15.683,0.237,BCD-222-111-ccc-0-0,,,,,,,,,,18.1034,0.001685,17.3291,0.0119,rered,gaia2,5170.0,146.0,4.2763,,,,1.13012,,0.88,,0.609692,,DWARF,0.8220626,,2691.18,937.12,0.363584,0.0166939,,,,,,0.0138287,0.0195591,panstarrs,,,,,,,,,,,715.68,1158.56,bj2018,,,dered,18.7934,0.032003,17.2812,0.007053,1.0,,gaia2,bpbj,,5.75139833633028,3.66166210449799,30.0061056451764,77.3673177405125,0.118681355773042,0.115849291217683,1.0,0,27949767
39,137158283,20190415,,,837-002961,02003591+7723085,,J020035.88+772308.8,561865186418421248,,,STAR,tmgaia2,30.1496004253564,77.3857372326356,tmgaia2,2.68544,0.0900299,4.36234,0.0863741,gaia2,2.12951,0.0576409,gaia2,126.785513124915,15.0344136367966,68.8769665149789,58.3976608900138,18.66,0.166,16.554,0.32,,,,,,,,,,,13.711,0.029,12.997,0.036,12.839,0.031,AAA-222-111-000-0-0,,12.668,0.025,12.729,0.024,12.62,0.33,9.241,,16.0007,0.000727,15.012,0.00759103,cdwrf,cdwrf,3812.0,157.0,4.56494,0.0155869,,,0.706172,0.0243508,0.667866,0.0221002,1.89652,0.133765,DWARF,0.09486964,0.022283582,463.743,12.501,0.238676,0.0545429,187.0,2.53996658,,,0.000130390254,0.0460579,0.0630279,panstarrs,,,,,,,,,,,12.17,12.832,bj2018,,,cdwrf,16.9793,0.005702,15.0253,0.002489,1.0,,ucac4,bpbj,cooldwarfs_v8,1.78831449373609,1.33943077102022,30.149653369694,77.3857560149382,0.0389012496615276,0.0411489109662654,1.0,0,27950242
40,629767160,20190415,,,,,,,561865255136318336,,,STAR,gaia2,30.1260086864507,77.4029918093414,gaia2,-3.07749,0.103516,-5.92388,0.179538,gaia2,4.95291,0.0688755,gaia2,126.775494966984,15.0495999911208,68.8911803556985,58.4140553057226,,,,,,,,,,,,,,,,,,,,,,,,,,,,,,,14.0711,0.004515,13.6411,0.6,goffs,gaia2,,,,,,,,,,,,,,,,200.793,2.7985,0.17365,0.00194528,,,,,,0.00192424,0.00196632,schlegel,,,,,,,,,,,2.76,2.837,bj2018,,,,,0.0,,0.0,,,,,,2.05638737827232,2.78396152665601,30.1259479309569,77.4029663037536,0.0419957106422291,0.0790498702079065,,0,28776229
41,629765657,20190415,,,,,,,561841473902081536,,,STAR,gaia2,29.9474068624948,77.33532683931,gaia2,-1.18213,0.329183,1.8465,0.283383,gaia2,0.260912,0.189424,gaia2,126.755650368797,14.973860898453,68.7501292030823,58.3887231523757,,,18.8584,0.0489,,,,,,,,,,,,,,,,,,,,,,,,,,,18.4484,0.001879,17.6867,0.0104,rered,gaia2,5219.0,146.0,4.51285,,,,0.865577,,0.89,,1.37237,,DWARF,0.50079,,2488.6,954.155,0.358369,0.01272995,,,,,,0.0125083,0.0129516,panstarrs,,,,,,,,,,,715.95,1192.36,bj2018,,,dered,19.11,0.030302,17.6245,0.01064,1.0,,gaia2,,,6.53660459190585,4.39461996633987,29.9473836476717,77.3353347895194,0.148881689610463,0.13851441087764,1.0,0,27860414
42,629766369,20190415,,,,,,,561853328011829888,,,STAR,gaia2,29.9316826255907,77.3518287937555,gaia2,-2.48175,0.909158,0.173671,0.722406,gaia2,0.452391,0.450681,gaia2,126.74759450651,14.9888149615894,68.765889784746,58.4034190402812,,,20.2506,0.0711,,,,,,,,,,,,,,,,,,,,,,,,,,,19.8676,0.004431,19.131,0.0132,rered,gaia2,5346.0,313.0,,,,,,,,,,,DWARF,,,1734.96,983.07,0.355577,0.0134788,,,,,,0.0123877,0.0145699,panstarrs,,,,,,,,,,,680.12,1286.02,bj2018,,,dered,20.4026,0.104155,18.9698,0.026872,1.0,,gaia2,,,18.0543129411703,11.2021290698834,29.931633826112,77.3518295415101,0.356647929006232,0.329127893800597,1.0,0,27860818
43,137157540,20190415,,,,02001806+7721249,,J020018.00+772124.9,561865014619736704,60817964,,STAR,tmgaia2,30.0753248314438,77.3569295293772,tmgaia2,-1.93725,0.139922,1.30672,0.120421,gaia2,0.241449,0.0812591,gaia2,126.777491453564,15.0022645849926,68.817508141688,58.3865929798545,18.158,0.268,16.994,0.014,,,,,,,,,,,15.103,0.05,14.613,0.071,14.52,0.083,AAA-222-111-000-0-0,,14.516,0.026,14.549,0.038,12.824,,9.397,,16.7592,0.000935,16.08,0.0061,rered,gaia2,6310.0,127.0,3.97885,,,,1.88939,,1.24,,0.183848,,DWARF,5.09864044,,3169.91,768.9,0.501324,0.0011581945,,,,,,0.00175657,0.000559819,schlegel,,,,,,,,,,,621.67,916.13,bj2018,,,dered,17.3328,0.009816,16.0167,0.00416,1.0,,apassdr9,apassdr9,,2.77878829633688,1.86741074638368,30.0752867235328,77.3569351555355,0.0603640665569807,0.0574930740091266,1.0,0,27949766
44,137157561,20190415,,,,01592417+7723189,,J015924.20+772318.4,561853637249500544,,,STAR,tmgaia2,29.8506060567456,77.3885847037647,tmgaia2,4.70479,0.369585,-10.6224,0.330752,gaia2,0.841425,0.232843,gaia2,126.719652602886,15.019422755197,68.7866420858955,58.4427531411707,,,19.5719,0.0921,,,,,,,,,,,15.681,0.068,14.877,0.096,14.668,0.098,AAA-222-111-000-0-0,,14.412,0.026,14.437,0.036,12.648,0.388,8.861,,18.5279,0.001907,17.391,0.0112,rered,gaia2,3898.0,140.0,4.28837,,,,0.920293,,0.6,,0.769792,,DWARF,0.1761627,,1187.91,413.004,0.351385,0.02036805,,,,,,0.0220139,0.0187222,panstarrs,,,,,,,,,,,292.618,533.39,bj2018,,,dered,19.7494,0.093897,17.3348,0.011802,1.0,,gaia2,,,7.34158484243281,5.12954818790534,29.8506988338398,77.388538968447,0.166416968861596,0.172229119799558,1.0,0,27133866
45,137157563,20190415,,,,01594436+7723325,,J015944.18+772331.7,561876903089204480,,,STAR,tmgaia2,29.93474351412,77.3922578423698,tmgaia2,-4.0406,0.880637,-0.5637,0.678249,gaia2,0.875776,0.381287,gaia2,126.736937904462,15.0279174957718,68.8176642024292,58.4334146854212,,,20.4261,0.0858,,,,,,,,,,,16.403,0.133,15.67,0.164,15.514,0.191,BCC-222-211-c00-0-0,,15.318,0.033,15.445,0.062,12.862,,9.156,,19.449,0.003383,18.3343,0.0115,rered,gaia2,3971.0,130.0,4.67921,,,,0.596518,,0.62,,2.92093,,DWARF,0.07971529,,1203.64,689.758,0.382857,0.0194509,,,,,,0.0277421,0.0111597,panstarrs,,,,,,,,,,,419.156,960.36,bj2018,,,dered,20.6315,0.086494,18.2975,0.020427,1.0,,gaia2,,,17.4921413227732,10.5166621059552,29.9346638118222,77.3922554153399,0.307612562242019,0.282784342022707,1.0,0,27133867
46,629766403,20190415,,,,,,,561853705969791872,,,STAR,gaia2,29.8147504407621,77.3953945847643,gaia2,-1.29743,0.388665,-0.638564,0.408822,gaia2,0.416541,0.234243,gaia2,126.709951152665,15.023876267434,68.7839799097343,58.4530336477249,,,19.1086,0.0547,,,,,,,,,,,,,,,,,,,,,,,,,,,18.7366,0.002372,18.0105,0.0146,rered,gaia2,5411.0,206.0,4.93141,,,,0.549406,,0.94,,5.66822,,DWARF,0.233126834,,1968.47,849.005,0.356962,0.0204933,,,,,,0.0228002,0.0181864,panstarrs,,,,,,,,,,,602.96,1095.05,bj2018,,,dered,19.3318,0.058539,17.9211,0.013336,1.0,,gaia2,,,7.72108243467885,6.34017619906176,29.81472484222,77.3953918353927,0.179548818648874,0.208680938439928,1.0,0,27860852
47,137157570,20190415,,,,02000825+7724282,,,561876967512686208,,,STAR,tmgaia2,30.0343596455173,77.4079028154078,tmgaia2,-0.427089,0.225015,-2.87687,0.211683,gaia2,0.404782,0.142518,gaia2,126.754198750097,15.0488721720757,68.8685848445379,58.4308922377235,18.822,0.123,18.1619,0.0472,,,,,,,,,,,16.077,0.104,15.764,0.196,15.422,0.187,ACC-222-111-000-0-0,,,,,,,,,,17.7985,0.001267,17.08,0.0126,rered,gaia2,5581.0,139.0,4.53459,,,,0.890339,,0.99,,1.40271,,DWARF,0.692872465,,2134.52,663.505,0.389203,0.01717325,,,,,,0.0187081,0.0156384,panstarrs,,,,,,,,,,,502.2,824.81,bj2018,,,dered,18.4205,0.021369,17.0272,0.006422,1.0,,gaia2,bpbj,,4.47032845200619,3.28272999788937,30.0343512107346,77.4078904288842,0.0987613979649943,0.103863461142542,1.0,0,27949779
48,137157543,20190415,,,,01590998+7721436,,J015909.93+772143.5,561853499810527232,,,STAR,tmgaia2,29.7914271621968,77.3621662402437,tmgaia2,8.58182,0.815963,-12.9337,0.576744,gaia2,1.15875,0.31509,gaia2,126.714106557475,14.9904998545223,68.734786795582,58.4314174948478,,,,,,,,,,,,,,,16.124,0.103,15.189,0.117,15.147,0.138,ABB-222-111-000-0-0,,14.915,0.029,14.907,0.044,13.236,,9.673,,19.1293,0.002676,17.8268,0.0087,rered,gaia2,3528.0,160.0,4.38567,,,,0.728192,,0.47,,1.21719,,DWARF,0.07401183,,897.562,350.499,0.345673,0.01535775,,,,,,0.0134082,0.0173073,panstarrs,,,,,,,,,,,235.72,465.278,bj2018,,,dered,20.8299,0.1536,17.8859,0.014112,1.0,,,,,16.2036088570355,8.94270258240056,29.7915960451709,77.3621105535325,0.258444266012127,0.238111524814806,1.0,0,27133856
49,629767903,20190415,,,,,,,561876933153670528,,,STAR,gaia2,29.9628738649151,77.4046720278919,gaia2,-1.80972,1.47108,-1.71756,1.08562,gaia2,2.7007,0.723198,gaia2,126.739574200625,15.0415297918525,68.8421041329129,58.4387169737646,,,,,,,,,,,,,,,,,,,,,,,,,,,,,,,20.4848,0.007933,19.1325,0.0658,rered,gaia2,3330.0,200.0,,,,,,,,,,,DWARF,,,414.235,246.826,0.301846,0.1743739,,,,,,0.265183,0.0835648,panstarrs,,,,,,,,,,,132.296,361.355,bj2018,,,dered,22.2504,0.248082,19.0757,0.034735,1.0,,,,,29.2242561691547,16.835052184231,29.9628381329184,77.4046646328442,0.571244700848944,0.517060048429905,1.0,0,27861165
50,137157527,20190415,,,,02000451+7719423,,J020004.35+771942.5,561841508261816064,,,STAR,tmgaia2,30.0183939324462,77.3284484145109,tmgaia2,1.12422,0.290186,0.166577,0.248894,gaia2,0.386873,0.159102,gaia2,126.773092352521,14.9714630775934,68.7638880156258,58.3733077701235,19.349,0.159,18.6704,0.0484,,,,,,,,,,,16.446,0.143,15.939,0.217,15.57,0.213,BCC-222-111-000-0-0,,15.59,0.034,15.674,0.073,12.716,,9.655,,18.2489,0.001931,17.4771,0.0099,rered,gaia2,5160.0,141.0,4.52115,,,,0.847655,,0.87,,1.42844,,DWARF,0.458914876,,2166.65,736.88,0.356723,0.0125646,,,,,,0.0107991,0.0143301,panstarrs,,,,,,,,,,,549.52,924.24,bj2018,,,dered,18.9232,0.026911,17.4158,0.010545,1.0,,gaia2,bpbj,,5.7618159083735,3.85979128869984,30.0184159982369,77.3284491317184,0.124777841090279,0.122180849048258,1.0,0,27949759
51,137157546,20190415,,,837-002955,02000521+7722085,,J020005.19+772208.4,561865083339210752,60817921,,STAR,tmgaia2,30.021728220931,77.3690247828893,tmgaia2,-3.33202,0.0505181,-5.54635,0.0486918,gaia2,4.85799,0.0306378,gaia2,126.762400814255,15.0107099160678,68.815804499437,58.4034151724035,13.886,0.08,12.909,0.069,,,,,,,,,,,11.213,0.019,10.728,0.017,10.637,0.02,AAA-222-111-000-0-0,,10.573,0.023,10.643,0.02,10.516,0.054,8.97,,12.6801,0.000215,12.0672,0.006,rered,gaia2,4939.0,201.761,4.55175,0.098018,,,0.790562,0.0512688,0.812,0.110491,1.64342,0.477416,DWARF,0.33506006,0.0346751,204.639,1.293,0.049987,0.04548735,181.0,0.03379097,,,0.00108874368,0.0277125,0.0632622,panstarrs,0.118682,0.102301,0.0559196,0.0466181,0.494441,0.460391,0.102817,0.093219,0.0240265,0.0453237,1.285,1.301,bj2018,169.77,233.752,dered,13.2173,0.00102,12.0166,0.000871,1.0,,ucac4,apassdr9,,1.00338428882603,0.755086465330082,30.0216626145641,77.3690009027791,0.0232720507657547,0.0234289210222702,1.0,0,27949768
52,137157548,20190415,,,,02001684+7722173,,J020016.95+772217.2,561865113402106624,,,STAR,tmgaia2,30.0702687639042,77.3714260198338,tmgaia2,19.1285,0.195609,-4.35271,0.179073,gaia2,0.608054,0.119246,gaia2,126.772297278521,15.0159101523327,68.8340840215503,58.3982506261785,18.827,0.125,18.027,0.0467,,,,,,,,,,,16.056,0.106,15.684,0.175,15.345,0.173,ACC-222-111-000-0-0,,15.453,0.031,15.647,0.067,12.707,,9.668,,17.6739,0.001192,16.9663,0.0127,rered,gaia2,5540.0,133.0,4.75902,,,,0.680628,,0.97,,3.0764,,DWARF,0.393145233,,1566.83,323.295,0.362196,0.0174748,,,,,,0.0146902,0.0202594,panstarrs,,,,,,,,,,,262.93,383.66,bj2018,,,dered,18.286,0.017216,16.9139,0.006895,1.0,,gaia2,bpbj,,3.88519737898657,2.77693367006784,30.0706454681654,77.3714072792631,0.0886927001943993,0.0850316656556705,1.0,0,27949770
53,137158308,20190415,,,837-002969,02004884+7720235,,J020048.82+772023.6,561864774101571584,60553094,,STAR,tmgaia2,30.2034514395705,77.3399068706797,tmgaia2,-1.31811,0.0704792,1.26793,0.0647121,gaia2,0.0159935,0.0421386,gaia2,126.810257530643,14.9935721626565,68.8366055633563,58.3553363924207,17.431,0.239,16.203,0.137,,,,,,,,,,,13.779,0.026,13.16,0.027,13.045,0.027,AAA-222-111-000-0-0,,12.956,0.024,12.994,0.023,13.022,0.46,9.374,,15.7812,0.000519,14.9548,0.006,rered,gaia2,5389.0,123.0,,,,,9.47347,,,,,,GIANT,,,7178.45,1430.52,0.503092,1.0052795e-06,,,,,,1.86144e-06,1.49119e-07,schlegel,,,,,,,,,,,1242.16,1618.87,bj2018,,,dered,16.5325,0.003915,14.9223,0.001452,1.0,,ucac4,apassdr9,,1.39957559296721,1.00352346943293,30.2034255451428,77.3399123298241,0.0329212856418767,0.0312254222181509,0.0,0,27950267
54,629767167,20190415,,,,,,,561865353920288896,,,STAR,gaia2,30.2741149197515,77.3857957724149,gaia2,-3.96555,0.698709,3.45818,0.636179,gaia2,1.00124,0.335769,gaia2,126.812568528886,15.0419436788751,68.9162038492129,58.3798720539039,,,20.4452,0.1368,,,,,,,,,,,,,,,,,,,,,,,,,,,19.555,0.003675,18.4871,0.0194,rered,gaia2,3994.0,176.0,4.90266,,,,0.461208,,0.62,,6.31975,,DWARF,0.04876648,,1045.75,503.678,0.344178,0.0296186,,,,,,0.0314667,0.0277705,panstarrs,,,,,,,,,,,317.047,690.31,bj2018,,,dered,20.6569,0.16342,18.4321,0.02764,1.0,,gaia2,,,13.8784506485928,9.86479533320622,30.2740367372653,77.3858106618124,0.276031422622051,0.28162603962852,1.0,0,28776236
55,137157538,20190415,,,,01590986+7721224,,J015910.15+772123.1,561853465450784384,,,STAR,tmgaia2,29.7909839130993,77.3563797634562,tmgaia2,-2.88584,0.208276,-1.03853,0.188268,gaia2,0.341197,0.123549,gaia2,126.71561713571,14.9848995433023,68.727360030411,58.4271310114051,19.763,0.131,18.3565,0.059,,,,,,,,,,,16.178,0.114,15.816,0.192,15.321,0.175,BCC-222-111-000-0-0,,14.931,0.029,14.785,0.043,11.975,0.199,8.904,,17.9069,0.013418,17.1109,0.0166,rered,gaia2,5039.0,190.0,4.22076,,,,1.17704,,0.84,,0.51511,,DWARF,0.8047446,,2420.12,720.575,0.358037,0.01267605,,,,,,0.012137,0.0132151,panstarrs,,,,,,,,,,,554.17,886.98,bj2018,,,dered,18.6295,0.048119,17.0698,0.041016,1.0,,gaia2,bpbj,,4.13623736935563,2.91950939053243,29.7909271477722,77.3563752920136,0.0890799440093284,0.088951187125648,1.0,0,27133852
56,137157555,20190415,,,,01592589+7722527,,J015925.97+772252.8,561853637249495296,,,STAR,tmgaia2,29.8580381461628,77.3813105265475,tmgaia2,11.5389,0.544472,7.03264,0.465071,gaia2,1.34368,0.305816,gaia2,126.723299455673,15.0128545317759,68.7798136644175,58.4362128865465,,,20.2964,0.0963,,,,,,,,,,,15.845,0.082,15.128,0.112,14.898,0.12,ABB-222-111-000-0-0,,14.678,0.027,14.607,0.038,12.863,,8.937,,19.0131,0.002921,17.7917,0.0112,rered,gaia2,3686.0,134.0,4.67329,,,,0.560512,,0.54,,3.06648,,DWARF,0.05224986,,768.488,234.777,0.334238,0.02209655,,,,,,0.0149698,0.0292233,panstarrs,,,,,,,,,,,170.793,298.762,bj2018,,,dered,20.3892,0.089437,17.7057,0.01339,1.0,,gaia2,,,10.8144618206907,7.21184312928543,29.8582655608798,77.3813408060662,0.215441619619349,0.216240960091254,1.0,0,27133863
57,137157575,20190415,,,,01593297+7725108,,J015933.10+772511.1,561877139311388672,,,STAR,tmgaia2,29.8875384024759,77.4197173024266,tmgaia2,2.79528,0.301097,-2.24207,0.26732,gaia2,0.13823,0.172862,gaia2,126.71899309608,15.0515739404831,68.8374442838395,58.4608523486158,19.704,0.167,18.8954,0.048,,,,,,,,,,,16.476,0.152,15.81,,15.533,0.206,BUC-202-101-000-0-0,,15.72,0.037,15.823,0.079,13.174,,9.268,,18.4078,0.00173,17.5727,0.0065,rered,gaia2,5380.0,139.0,4.25442,,,,1.19142,,0.93,,0.5499,,DWARF,1.07141268,,2974.29,1058.04,0.513888,0.002784143,,,,,,0.00464105,0.000927236,schlegel,,,,,,,,,,,825.89,1290.18,bj2018,,,dered,19.1747,0.023301,17.5471,0.008508,1.0,,gaia2,bpbj,,5.98222927114536,4.14560567525352,29.8875936587908,77.4197076490752,0.127396340377217,0.133362825008383,1.0,0,27133874
58,629765651,20190415,,,,,,,561841336463132032,,,STAR,gaia2,30.1255076665784,77.3372240977494,gaia2,8.14656,1.01724,-4.88164,0.808723,gaia2,-0.340479,0.513112,gaia2,126.794009535749,14.9863099371004,68.8086604042896,58.3645110643217,,,21.0408,0.092,,,,,,,,,,,,,,,,,,,,,,,,,,,20.0245,0.004998,18.8993,0.0086,rered,gaia2,3921.0,138.0,4.29958,,,,0.916031,,0.61,,0.793597,,DWARF,0.178690761,,2405.62,1161.94,0.350228,0.00760167,,,,,,0.0102189,0.00498444,panstarrs,,,,,,,,,,,898.89,1425.0,bj2018,,,dered,21.213,0.086039,18.8314,0.041909,1.0,,gaia2,,,20.1989528227851,12.5407754959884,30.1256676733654,77.3372030796248,0.414694882261929,0.373695120574168,1.0,0,28775914
59,629767892,20190415,,,,,,,561876864432636288,,,STAR,gaia2,30.0324564293656,77.3828278088375,gaia2,8.02243,1.04197,-0.0997058,0.798113,gaia2,0.129881,0.41856,gaia2,126.760849916273,15.0246303069247,68.8364984199428,58.4122749557624,,,20.1623,0.0583,,,,,,,,,,,,,,,,,,,,,,,,,,,19.751,0.004027,18.9879,0.0127,rered,gaia2,5230.0,212.0,,,,,,,,,,,DWARF,,,2147.9,1073.06,0.363459,0.0168262,,,,,,0.0142587,0.0193937,panstarrs,,,,,,,,,,,797.68,1348.43,bj2018,,,dered,20.3329,0.064134,18.8449,0.024136,1.0,,gaia2,,,20.6950978214078,12.3748310540753,30.0326145583455,77.3828273795952,0.344352152448445,0.317727779954526,1.0,0,28776621
60,137157539,20190415,,,,01592259+7721230,,J015922.61+772123.1,561853293652093952,,,STAR,tmgaia2,29.844318528884,77.3564075977523,tmgaia2,0.929767,0.17677,0.252875,0.167475,gaia2,0.372911,0.111784,gaia2,126.727250109564,14.9880635157184,68.7441621844717,58.419457809547,18.718,0.114,18.0058,0.0464,,,,,,,,,,,15.999,0.093,15.813,0.185,15.363,0.173,ACC-222-111-000-0-0,,15.478,0.033,15.651,0.072,13.24,,9.517,,17.6698,0.001199,16.9799,0.0102,rered,gaia2,5628.0,130.0,4.4671,,,,0.967131,,1.0,,1.10546,,DWARF,0.8454382,,2316.39,622.44,0.357517,0.0126167,,,,,,0.0115907,0.0136427,panstarrs,,,,,,,,,,,486.07,758.81,bj2018,,,dered,18.2579,0.013594,16.9218,0.006488,1.0,,gaia2,bpbj,,3.51070449328196,2.59713183122123,29.8443368177159,77.3564086865203,0.0825882849782037,0.0811888529066521,1.0,0,27133853
61,629767917,20190415,,,,,,,561877143605791104,,,STAR,gaia2,29.9198177703898,77.4103624341365,gaia2,5.61052,1.34481,-14.1143,1.05438,gaia2,0.090365,0.646866,gaia2,126.728622082222,15.0444667136287,68.8357691740149,58.4491813487477,,,21.1764,0.1544,,,,,,,,,,,,,,,,,,,,,,,,,,,20.1597,0.00582,19.0268,0.0117,rered,gaia2,3950.0,169.0,4.53381,,,,0.699511,,0.61,,1.78216,,DWARF,0.107317768,,1910.52,1095.15,0.388096,0.0187129,,,,,,0.0207723,0.0166535,panstarrs,,,,,,,,,,,805.71,1384.58,bj2018,,,dered,21.2846,0.171366,18.9025,0.044309,1.0,,gaia2,,,26.7164548359159,16.3493726262306,29.9199285964901,77.4103016642624,0.50401590723299,0.460360423189841,1.0,0,27861172
62,137157547,20190415,,,,02000980+7722168,,J020009.66+772216.7,561865079042367872,,,STAR,tmgaia2,30.0406522414432,77.3713734359101,tmgaia2,8.37992,0.381772,-0.490331,0.33081,gaia2,1.08367,0.228787,gaia2,126.765861702557,15.0140956318944,68.8247026668885,58.4024655658928,20.422,0.181,19.7294,0.0715,,,,,,,,,,,15.776,0.074,15.163,0.115,14.812,0.102,ABA-222-111-000-0-0,,14.582,0.029,14.529,0.038,12.922,0.453,9.358,,18.5661,0.00219,17.3827,0.013,rered,gaia2,3787.0,130.0,4.41793,,,,0.779436,,0.58,,1.22486,,DWARF,0.112573653,,930.556,239.388,0.351463,0.0261286,,,,,,0.024672,0.0275852,panstarrs,,,,,,,,,,,183.592,295.184,bj2018,,,dered,19.9738,0.060773,17.4216,0.009175,1.0,,gaia2,bpbj,,7.58278770870439,5.13031043804247,30.0408172694716,77.3713713248134,0.172994735598381,0.168121719782132,1.0,0,27949769
63,137157567,20190415,,,838-003148,02000158+7724037,,J020001.59+772403.6,561876971808678016,60817910,,STAR,tmgaia2,30.0066470011453,77.40103617877,tmgaia2,1.78913,0.0427077,-4.0551,0.0426969,gaia2,0.986461,0.0282401,gaia2,126.750110268462,15.0406210054114,68.8512628540626,58.4296963031974,15.686,0.075,14.831,0.114,,,,,,,,,,,13.019,0.021,12.666,0.026,12.524,0.025,AAA-222-111-000-0-0,,12.485,0.024,12.486,0.022,12.806,0.403,9.609,,14.5488,0.000277,13.9137,0.0141,rered,gaia2,6064.0,122.0,4.13287,,,,1.51055,,1.13,,0.327847,,DWARF,2.77973461,,985.314,27.636,0.377182,0.0190095846,,,,,,0.0284796,0.00953957,panstarrs,,,,,,,,,,,26.876,28.396,bj2018,,,dered,15.0851,0.001575,13.8585,0.000909,1.0,,ucac4,apassdr9,,0.848453075055562,0.662124147875558,30.0066823165734,77.4010187193138,0.0200268094731152,0.0206534785479479,1.0,0,27949777
64,629766367,20190415,,,,,,,561853297948956032,,,STAR,gaia2,29.8665655936834,77.3514461167196,gaia2,-0.594802,0.504783,0.535503,0.41221,gaia2,0.400043,0.261132,gaia2,126.733489032908,14.9845970016316,68.7449194111549,58.4125165695512,,,19.3535,0.0544,,,,,,,,,,,,,,,,,,,,,,,,,,,18.9366,0.0026,18.169,0.0132,rered,gaia2,5178.0,183.0,4.89146,,,,0.556599,,0.88,,5.10334,,DWARF,0.20064497,,1972.5,889.085,0.35573,0.01268795,,,,,,0.0102034,0.0151725,panstarrs,,,,,,,,,,,631.45,1146.72,bj2018,,,dered,19.6124,0.054057,18.1138,0.01181,1.0,,gaia2,,,10.0241572256302,6.39248389052273,29.8665538982412,77.3514484223578,0.20539546947889,0.203152247261973,1.0,0,27860816
65,629766382,20190415,,,,,,,561853465450782592,,,STAR,gaia2,29.7607891598487,77.3544802537563,gaia2,-4.38396,1.16906,7.03048,1.01358,gaia2,2.24183,0.667768,gaia2,126.709552401573,14.9812976363726,68.7154770182932,58.4300617962145,,,19.5939,0.0564,,,,,,,,,,,,,,,,,,,,,,,,,,,19.1257,0.006873,18.3533,0.0169,gbprp,gaia2,,,,,,,,,,,,,,,,508.086,359.727,0.335468,0.0996171,,,,,,0.0790192,0.120215,schlegel,,,,,,,,,,,176.39,543.064,bj2018,,,,19.6689,0.05462,18.0757,0.018152,0.0,,gaia2,,,23.2176785583762,15.7182022324491,29.7607029387997,77.3545105238926,0.526410528665982,0.492326497425901,1.0,0,27860831
66,629766394,20190415,,,,,,,561853602889758336,,,STAR,gaia2,29.8095681166362,77.3842571827363,gaia2,-0.253594,1.05176,1.94744,0.903225,gaia2,0.469275,0.430984,gaia2,126.711921071397,15.0128444157225,68.7683153620531,58.4454087848174,,,20.0644,0.0791,,,,,,,,,,,,,,,,,,,,,,,,,,,19.5639,0.004307,18.7696,0.0337,gbprp,gaia2,,,,,,,,,,,,,,,,1723.35,962.44,0.356551,0.0209341,,,,,,0.0235719,0.0182963,panstarrs,,,,,,,,,,,663.52,1261.36,bj2018,,,,20.262,0.108707,18.612,0.022864,0.0,,gaia2,,,20.8899598680021,14.0043932885982,29.8095631175237,77.3842655675475,0.354531912251343,0.351256859831225,1.0,0,27860843
67,629767889,20190415,,,,,,,561876830072895616,,,STAR,gaia2,29.9636492713276,77.3816777666922,gaia2,-2.47749,1.01398,1.55199,0.76665,gaia2,0.0523301,0.402107,gaia2,126.746195557764,15.0194419925741,68.8134372922906,58.4212952144363,,,20.1426,0.0795,,,,,,,,,,,,,,,,,,,,,,,,,,,19.7192,0.004798,18.9454,0.0299,rered,gaia2,5172.0,326.0,,,,,,,,,,,DWARF,,,2272.12,1100.69,0.363492,0.0168224,,,,,,0.0141835,0.0194613,panstarrs,,,,,,,,,,,828.65,1372.74,bj2018,,,dered,20.3581,0.119131,18.8471,0.027393,1.0,,gaia2,,,20.1389066686016,11.8868676021036,29.9636004422524,77.3816844488758,0.330110825268596,0.300249786536679,1.0,0,27861154
68,629767896,20190415,,,,,,,561876898792370176,,,STAR,gaia2,29.9400121344767,77.3787177606479,gaia2,0.787827,0.710648,1.11568,0.540605,gaia2,0.610015,0.296443,gaia2,126.741878520029,15.0151939828291,68.802292263626,58.4224655895307,,,19.6141,0.0636,,,,,,,,,,,,,,,,,,,,,,,,,,,19.2632,0.003116,18.5578,0.0139,rered,gaia2,5552.0,295.0,,,,,,,,,,,DWARF,,,1553.43,762.65,0.361999,0.0176889,,,,,,0.0148925,0.0204853,panstarrs,,,,,,,,,,,506.97,1018.33,bj2018,,,dered,19.7868,0.089123,18.4192,0.02087,1.0,,gaia2,,,14.1141368605518,8.38218674224688,29.9400276582481,77.3787225642706,0.241841234917613,0.216996069994701,1.0,0,27861158
69,629767897,20190415,,,,,,,561876898792379136,,,STAR,gaia2,29.9221965635432,77.3922545455478,gaia2,0.209762,0.921388,-3.7755,0.740977,gaia2,0.080435,0.475181,gaia2,126.734208863705,15.0271735558584,68.8137229620243,58.4352157567663,,,20.6126,0.102,,,,,,,,,,,,,,,,,,,,,,,,,,,19.9454,0.004954,18.991,0.0141,rered,gaia2,4456.0,236.0,4.75274,,,,0.58239,,0.7,,3.54369,,DWARF,0.120476931,,2110.08,1091.02,0.388296,0.0174259,,,,,,0.0181967,0.0166551,panstarrs,,,,,,,,,,,811.87,1370.17,bj2018,,,dered,20.8983,0.132494,18.9813,0.028514,1.0,,gaia2,,,18.3022892204757,11.4902719396764,29.9222007011735,77.3922382899227,0.357972498620537,0.343260880560805,1.0,0,27861159
70,137158268,20190415,,,837-002965,02004263+7723563,,J020042.66+772356.4,561865564375539584,60818040,,STAR,tmgaia2,30.1777685171444,77.3990107653549,tmgaia2,3.22783,0.0572264,-3.93201,0.055958,gaia2,0.87265,0.0367173,gaia2,126.787868188382,15.0488641019382,68.9024462768896,58.4036396131182,17.127,0.257,15.942,0.149,,,,,,,,,,,13.826,0.024,13.313,0.03,13.159,0.031,AAA-222-111-000-0-0,,13.126,0.024,13.163,0.025,12.788,,9.469,,15.607,0.000578,14.845,0.0144,rered,gaia2,5222.0,122.0,4.07727,,,,1.4292,,0.89,,0.30487,,DWARF,1.368441,,1110.08,45.625,0.359483,0.0212617,,,,,,0.0199584,0.022565,panstarrs,,,,,,,,,,,43.79,47.46,bj2018,,,dered,16.2887,0.003699,14.8027,0.001778,1.0,,ucac4,apassdr9,,1.13688043624549,0.867831713370464,30.1778322208284,77.3989938358748,0.0271496013849071,0.0289412323599777,1.0,0,27950227
71,137157564,20190415,,,837-002949,01593701+7723531,,J015937.01+772353.1,561877109247632896,60817818,,STAR,tmgaia2,29.904212251898,77.3981095436886,tmgaia2,-0.27144,0.0567475,1.02954,0.0613125,gaia2,0.119496,0.0388375,gaia2,126.728658076291,15.0317500596924,68.8154501847404,58.442206210128,17.325,0.088,15.798,0.08,,,,,,,,,,,13.119,0.021,12.533,0.024,12.311,0.023,AAA-222-111-000-0-0,,12.209,0.024,12.285,0.022,12.226,0.256,9.494,,15.357,0.000408,14.4523,0.006,rered,gaia2,5001.0,122.0,,,,,10.3251,,,,,,GIANT,,,5312.02,955.735,0.511208,2.01791445e-05,,,,,,3.37514e-05,6.60689e-06,schlegel,,,,,,,,,,,819.76,1091.71,bj2018,,,dered,16.2183,0.002973,14.4412,0.001037,1.0,,ucac4,apassdr9,,1.12734486322415,0.950780547873959,29.9042068951998,77.3981139764304,0.0263014338629857,0.028816784196757,0.0,0,27133868
72,137158279,20190415,,,837-002967,02004437+7723216,,J020044.40+772321.4,561865186418419712,60818051,,STAR,tmgaia2,30.1849333918339,77.3893439171398,tmgaia2,7.4896,0.031196,-17.2549,0.0321746,gaia2,3.02575,0.0204322,gaia2,126.792171838975,15.0399973364872,68.8925918740893,58.3953191669526,15.255,0.089,14.013,0.069,,,,,,,,,,,11.931,0.021,11.434,0.017,11.325,0.018,AAA-222-111-000-0-0,,11.234,0.023,11.288,0.02,11.31,0.107,9.029,,13.6886,0.000202,12.9569,0.0061,rered,gaia2,4753.0,192.882,4.3027,0.0999828,,,1.02148,0.0729648,0.764,0.100179,0.716802,0.209739,DWARF,0.4797651,0.05456485,327.382,2.2065,0.16908,0.0594033,186.0,0.114275686,,,0.0004428685,0.0362818,0.0825248,panstarrs,0.0890703,0.111287,0.0504291,0.0955005,0.191327,0.228151,0.0896235,0.110342,0.0545887,0.054541,2.192,2.221,bj2018,241.188,144.575,dered,14.3557,0.001458,12.9088,0.001179,1.0,,ucac4,apassdr9,,0.619702405830588,0.498945864598433,30.1850810933205,77.3892696252495,0.0145246289540178,0.015459694052217,1.0,0,27950238
73,137158287,20190415,,,,02004081+7722316,,J020040.71+772232.0,561865152058684800,,,STAR,tmgaia2,30.1700737583622,77.3755080229093,tmgaia2,0.568796,0.152605,-3.40791,0.137221,gaia2,1.6858,0.0861868,gaia2,126.792869657467,15.0258017689296,68.8705982205203,58.3870070818462,19.561,0.167,17.7243,0.0466,,,,,,,,,,,14.606,0.031,13.793,0.029,13.599,0.036,AAA-222-111-000-0-0,,13.385,0.025,13.374,0.026,12.401,,9.178,,16.967,0.000971,15.9287,0.00810876,cdwrf,cdwrf,3731.0,157.0,4.60471,0.021162,,,0.655999,0.0295491,0.631603,0.0261476,2.23735,0.210637,DWARF,0.07512804,0.0195337366,584.985,30.2955,0.313378,0.02476045,189.0,10.6781464,,,5.96807222e-05,0.0293669,0.020154,panstarrs,,,,,,,,,,,28.758,31.833,bj2018,,,cdwrf,17.9955,0.01117,15.9486,0.003892,1.0,,gaia2,bpbj,cooldwarfs_v8,3.03100143766818,2.12787666902253,30.1700849634244,77.3754933499636,0.0630750120841366,0.0636163188195259,1.0,0,27950246
74,629767915,20190415,,,,,,,561877104951637376,,,STAR,gaia2,29.8634955801383,77.4099713810521,gaia2,3.76737,0.406357,-0.0226172,0.356047,gaia2,0.111735,0.238406,gaia2,126.716491122822,15.0407763044521,68.8176307498907,58.4569792489208,,,19.3448,0.0487,,,,,,,,,,,,,,,,,,,,,,,,,,,18.8495,0.002317,18.0143,0.0153,rered,gaia2,4952.0,137.0,4.42309,,,,0.92129,,0.82,,1.04864,,DWARF,0.459843248,,2684.39,1080.84,0.390734,0.01973,,,,,,0.0197488,0.0197112,panstarrs,,,,,,,,,,,831.2,1330.49,bj2018,,,dered,19.6316,0.026028,17.9905,0.011238,1.0,,gaia2,,,8.07317175991326,5.52154869416641,29.8635699957379,77.4099712836828,0.179442804041157,0.17645318171827,1.0,0,27861170
75,137157535,20190415,,,837-002956,02001140+7721087,,J020011.41+772108.9,561841615637909120,60817938,,STAR,tmgaia2,30.0475226008694,77.3524357599398,tmgaia2,0.337488,2.23223,-1.17314,2.23222,hsoy,,,,126.772696579927,14.9962824054486,68.8031218639003,58.3872016885813,16.876,0.143,16.048,0.183,,,,,,,,,,,14.342,0.031,14.005,0.039,13.817,0.052,AAA-222-111-000-0-0,,13.791,0.024,13.763,0.028,13.088,,9.622,,15.8143,0.000586,15.2065,0.0061,gbprp,,,,,,,,,,,,,,DWARF,,,,,,,,,,,,,,,,,,,,,,,,,,,,,,,16.3254,0.004251,15.128,0.00198,0.0,,ucac4,apassdr9,,44.3247068813829,34.5995240696129,30.0475292373219,77.3524307089204,0.0950437699015279,0.0888453466412367,1.0,0,27949764
76,137157562,20190415,,,,02002649+7723205,,J020026.56+772320.3,561865220778158720,,,STAR,tmgaia2,30.1106924219286,77.3890647493592,tmgaia2,0.0477468,3.09603,10.0412,3.09599,hsoy,,,,126.776109113703,15.0352898071723,68.8689066116983,58.4057490167433,,,19.989,0.0967,,,,,,,,,,,15.991,0.088,15.381,0.134,15.188,0.155,ABB-222-111-000-0-0,,14.74,0.029,14.833,0.042,12.886,,9.242,,19.0497,0.003128,17.6373,0.0224954,cdwrf,cdwrf,3557.0,169.0,4.82263,0.0560266,,,0.404389,0.0628707,0.396427,0.0723136,5.99467,1.77106,DWARF,0.0235846173,0.0120337121,,,,,,,,,,,,,,,,,,,,,,,,,,,,cdwrf,19.9621,0.104206,17.6749,0.021588,0.0,,gaia2,,cooldwarfs_v8,61.4998506184854,47.9882961331418,30.1106933635169,77.389107982304,0.220040516135013,0.208081758189109,1.0,0,27949775
77,137158275,20190415,,,,02005157+7723395,,J020051.56+772339.5,,,,STAR,2mass,30.214881,77.394325,2mass,0.0,,0.0,,,,,,126.797258,15.04658,68.908254,58.394783,,,,,,,,,,,,,,,15.963,0.086,15.218,0.113,14.879,0.12,ABB-222-111-000-0-0,,14.335,0.027,14.269,0.034,12.72,,9.553,,,,17.713,1.0,jhk,,,,,,,,,,,,,,,,,,,,,,,,,,,,,,,,,,,,,,,,,,,,,,,,,,,,,,80.027,99.978,30.214881,77.394325,80.027,99.978,,0,27950234
78,629767146,20190415,,,,,,,561864907243906432,,,STAR,gaia2,30.2629537576895,77.3628587077014,gaia2,-4.68464,1.22757,-12.5042,1.32856,gaia2,1.96274,0.597389,gaia2,126.816688395255,15.0192230082748,68.8840341981993,58.3641408891828,,,21.377,0.2045,,,,,,,,,,,,,,,,,,,,,,,,,,,20.2032,0.006682,19.1082,0.0504,gbprp,gaia2,,,,,,,,,,,,,,,,576.092,387.291,0.306118,0.0876947,,,,,,0.118752,0.0566374,panstarrs,,,,,,,,,,,197.494,577.088,bj2018,,,,21.3786,0.218686,18.8146,0.041532,0.0,,gaia2,,,24.3797981414217,20.6005147037199,30.2628615629589,77.362804870189,0.469402057552892,0.568099001741993,1.0,0,28776215
79,629767154,20190415,,,,,,,561865113402104576,,,STAR,gaia2,30.0734138423139,77.3682865437234,gaia2,-1.37998,0.739271,3.16498,0.543643,gaia2,0.461782,0.288734,gaia2,126.773868594495,15.0130771497933,68.8311380161826,58.3954317786627,,,19.6208,0.0635,,,,,,,,,,,,,,,,,,,,,,,,,,,19.2063,0.003404,18.4404,0.0187,rered,gaia2,5211.0,242.0,,,,,,,,,,,DWARF,,,1820.67,874.14,0.362556,0.01709015,,,,,,0.014096,0.0200843,panstarrs,,,,,,,,,,,605.43,1142.85,bj2018,,,dered,19.8753,0.081167,18.3811,0.019184,1.0,,gaia2,,,14.681329022932,8.42929834073497,30.0733866725283,77.3683001707221,0.238420709604065,0.218478469179536,1.0,0,28776223
80,137158300,20190415,,,,02010089+7721112,,,561864872883928704,60818095,,STAR,tmgaia2,30.2536560875907,77.3530525804464,tmgaia2,3.79697,0.313721,-1.79595,0.324362,gaia2,0.372613,0.182289,gaia2,126.81746053715,15.0092357822352,68.86885862863,58.3580638507022,19.747,0.134,18.7875,0.0483,,,,,,,,,,,16.261,0.117,15.89,0.201,15.909,,BCU-220-110-000-0-0,,,,,,,,,,18.3498,0.00184,17.5644,0.0078,rered,gaia2,5066.0,138.0,4.51963,,,,0.839325,,0.85,,1.43757,,DWARF,0.418038219,,2165.18,806.075,0.350136,0.007714645,,,,,,0.0104971,0.00493219,panstarrs,,,,,,,,,,,593.05,1019.1,bj2018,,,dered,19.0662,0.026678,17.5285,0.008076,1.0,,gaia2,bpbj,,6.23036328495505,5.02997892745109,30.2537307557854,77.3530448478943,0.142522183082962,0.154323178041979,1.0,0,27950259
81,629767907,20190415,,,,,,,561877001872435072,,,STAR,gaia2,30.0549912366005,77.4158368355077,gaia2,-0.634102,0.659161,2.99976,0.511764,gaia2,0.152786,0.2799,gaia2,126.75644183873,15.0577307759681,68.8850230474103,58.4339109876473,,,19.5911,0.0569,,,,,,,,,,,,,,,,,,,,,,,,,,,19.1456,0.002967,18.3513,0.0171,rered,gaia2,5159.0,194.0,4.74071,,,,0.658324,,0.87,,3.0493,,DWARF,0.276589751,,2436.35,1068.77,0.390622,0.0191511,,,,,,0.0200021,0.0183001,panstarrs,,,,,,,,,,,804.42,1333.11,bj2018,,,dered,19.8299,0.058935,18.2778,0.017471,1.0,,gaia2,,,13.0949751857332,7.93508934490349,30.054978705652,77.4158497511414,0.226102100404597,0.208790101865235,1.0,0,28776626
82,629766386,20190415,,,,,,,561853499810531712,,,STAR,gaia2,29.8135170060753,77.3680274137922,gaia2,-1.25006,0.757106,1.48291,0.642074,gaia2,0.103921,0.312759,gaia2,126.717295856779,14.9974431707441,68.7491080666187,58.4326383799907,,,19.7295,0.0679,,,,,,,,,,,,,,,,,,,,,,,,,,,19.2402,0.002896,18.412,0.0106,rered,gaia2,4883.0,221.0,4.66008,,,,0.692691,,0.8,,2.40697,,DWARF,0.245765328,,2427.22,1083.83,0.358072,0.01269935,,,,,,0.0122109,0.0131878,panstarrs,,,,,,,,,,,821.07,1346.6,bj2018,,,dered,19.9443,0.085221,18.3137,0.019151,1.0,,gaia2,,,15.0357420806277,9.9551902242471,29.8134923947209,77.3680337985448,0.256744469737174,0.246135107889811,1.0,0,27860835
83,137157528,20190415,,,,02001905+7719546,,J020018.89+771954.8,561841542621557888,,,STAR,tmgaia2,30.0790331510143,77.3319208867614,tmgaia2,0.644408,0.364146,2.11132,0.361056,gaia2,0.305956,0.193634,gaia2,126.785361285539,14.9784255073054,68.7873647774406,58.3671947146611,19.821,0.159,18.9448,0.0515,,,,,,,,,,,16.492,0.144,15.865,,15.635,,BUU-200-100-000-0-0,,15.963,0.04,16.095,0.098,13.142,,9.085,,18.5087,0.002224,17.7246,0.0079,rered,gaia2,5074.0,159.0,4.51995,,,,0.839016,,0.85,,1.43915,,DWARF,0.4203756,,2338.0,901.18,0.35021,0.00762176,,,,,,0.0102816,0.00496192,panstarrs,,,,,,,,,,,669.47,1132.89,bj2018,,,dered,19.2384,0.040253,17.7037,0.016485,1.0,,gaia2,bpbj,,7.23046150988772,5.59894881930781,30.0790458026359,77.3319299771673,0.153691724527267,0.169979674680007,1.0,0,27949760
84,137157550,20190415,,,,02000552+7722182,,,561865079042368000,,,STAR,tmgaia2,30.0229796034855,77.3717377599672,tmgaia2,-2.52795,0.236827,4.83197,0.214306,gaia2,0.900408,0.152534,gaia2,126.76190968258,15.0133950755036,68.8196020196107,58.4052797349535,19.752,0.091,18.5793,0.0507,,,,,,,,,,,15.601,0.07,15.145,0.112,14.62,0.102,ABA-222-111-ccc-0-0,,,,,,,,,,17.9384,0.001456,17.0038,0.0137,rered,gaia2,4458.0,130.0,4.55376,,,,0.732327,,0.7,,1.78231,,DWARF,0.190838248,,1092.95,202.093,0.359214,0.0225589,,,,,,0.0222341,0.0228837,panstarrs,,,,,,,,,,,167.206,236.98,bj2018,,,dered,18.8406,0.032082,16.9632,0.006364,1.0,,gaia2,bpbj,,4.70399557788172,3.32344834772733,30.0229298184703,77.3717585642873,0.112128058388335,0.106453567166809,1.0,0,27949771
85,137158265,20190415,,,,02004090+7724043,,,561865564375539072,,,STAR,tmgaia2,30.170510944965,77.4012129528343,tmgaia2,0.473187,0.174113,2.34645,0.163985,gaia2,0.326014,0.110847,gaia2,126.785666174709,15.050547589985,68.9029254265171,58.4063401797917,19.09,0.111,18.023,0.0465,,,,,,,,,,,15.95,0.09,15.666,0.166,15.531,0.204,ACC-222-111-000-0-0,,,,,,,,,,17.6559,0.001153,16.9343,0.0122,rered,gaia2,5462.0,130.0,4.29858,,,,1.14447,,0.95,,0.63374,,DWARF,1.05029118,,2526.17,696.845,0.363552,0.01672645,,,,,,0.0138729,0.01958,panstarrs,,,,,,,,,,,545.13,848.56,bj2018,,,dered,18.2871,0.014326,16.8862,0.006308,1.0,,gaia2,bpbj,,3.45901670931106,2.54315560976869,30.1705202852769,77.4012230556054,0.0812847342428263,0.0840144716207546,1.0,0,27950224
86,137158286,20190415,,,837-002962,02003613+7722403,,J020036.12+772240.5,561865152058684288,60818023,,STAR,tmgaia2,30.1505601681487,77.3779218362735,tmgaia2,-2.12778,0.0513324,3.82499,0.0530232,gaia2,0.563713,0.032592,gaia2,126.787938308104,15.0269545197907,68.8674804092358,58.3916268079816,13.45,0.077,12.457,0.046,,,,,,,,,,,10.144,0.021,9.61,0.017,9.431,0.016,AAA-222-111-000-0-0,,9.334,0.023,9.377,0.02,9.314,0.029,9.202,,12.0213,0.00019,11.2796,0.0123,rered,gaia2,5343.0,122.0,,,,,10.7573,,,,,,GIANT,,,1686.08,94.815,0.362502,0.01725035,,,,,,0.0144818,0.0200189,panstarrs,,,,,,,,,,,89.61,100.02,bj2018,,,dered,12.683,0.001264,11.24,0.000524,1.0,,ucac4,apassdr9,,1.01960135135737,0.822244619625135,30.1505182438162,77.3779383049837,0.022763160101661,0.0251597374851815,0.0,0,27950245
87,137158294,20190415,,,,02002094+7722057,,J020021.31+772206.2,561865113402105088,,,STAR,tmgaia2,30.0872870255273,77.3683066415553,tmgaia2,-2.83083,3.23712,-3.98405,3.2369,hsoy,,,,126.776884834475,15.0139241097988,68.8355285090118,58.3934543273733,,,19.4493,0.0619,,,,,,,,,,,16.583,0.155,15.542,,15.915,,BUU-200-100-000-0-0,,15.408,0.031,15.749,0.075,13.056,,9.343,,18.8589,0.003583,18.009,0.0205,gbprp,,,,,,,,,,,,,,DWARF,,,,,,,,,,,,,,,,,,,,,,,,,,,,,,,19.6997,0.064789,17.9009,0.011695,0.0,,gaia2,,,64.2948183608962,50.1728319307116,30.0872312905423,77.3682894880123,0.304191530425626,0.297484696974269,1.0,0,27950253
88,137158307,20190415,,,,02004631+7720360,,J020046.32+772036.1,561864769804704640,,,STAR,tmgaia2,30.1929400327055,77.3433832878804,tmgaia2,1.69186,2.89301,2.08081,2.89298,hsoy,,,,126.806976330577,14.9962824691241,68.8376315964429,58.3594717964454,19.06,0.085,18.5518,0.05,,,,,,,,,,,15.497,0.059,14.861,0.073,14.6,0.09,AAA-222-111-000-0-0,,14.499,0.026,14.548,0.038,13.301,,9.513,,17.9124,0.004312,17.0351,0.0092,gbprp,,,,,,,,,,,,,,GIANT,,,,,,,,,,,,,,,,,,,,,,,,,,,,,,,18.7717,0.027242,16.8966,0.011662,0.0,,gaia2,bpbj,,57.4474865238885,44.84216368941,30.1929732784765,77.3433922469256,0.320021330399373,0.295505891210423,0.0,0,27950266
89,629766385,20190415,,,,,,,561853499810526080,,,STAR,gaia2,29.7805461730991,77.3603908617133,gaia2,-2.09242,0.517527,2.60662,0.410455,gaia2,0.433972,0.264909,gaia2,126.712225238561,14.9881509117026,68.7291317106698,58.4316528095577,,,19.39,0.0526,,,,,,,,,,,,,,,,,,,,,,,,,,,18.9735,0.002991,18.2061,0.0149,rered,gaia2,5179.0,171.0,4.94031,,,,0.526161,,0.88,,6.04125,,DWARF,0.179438531,,1897.43,873.37,0.355684,0.01273355,,,,,,0.0104798,0.0149873,panstarrs,,,,,,,,,,,611.93,1134.81,bj2018,,,dered,19.6376,0.04537,18.1396,0.017992,1.0,,gaia2,,,10.277721770362,6.3650716097239,29.7805050017293,77.3604020846638,0.203001879562204,0.196021897136237,1.0,0,27860834
90,137157530,20190415,,,,02000950+7720098,,J020009.61+772009.9,561841508261822336,,,STAR,tmgaia2,30.040017496698,77.3360840795274,tmgaia2,-0.949353,0.196047,0.327682,0.178445,gaia2,0.309841,0.122154,gaia2,126.775666388447,14.9801005836842,68.7802712133857,58.3759514186088,18.197,0.137,18.0059,0.0465,,,,,,,,,,,16.182,0.119,15.602,0.164,15.218,0.155,BCB-222-111-000-0-0,,15.565,0.033,15.657,0.07,13.152,,9.352,,17.6916,0.001375,17.0249,0.0103,rered,gaia2,5778.0,134.0,4.45461,,,,1.00057,,1.04,,1.03823,,DWARF,1.00530434,,2561.23,763.71,0.358493,0.01273425,,,,,,0.0126132,0.0128553,panstarrs,,,,,,,,,,,590.74,936.68,bj2018,,,dered,18.2626,0.015004,16.9735,0.00855,1.0,,gaia2,bpbj,,3.89302193827569,2.76734043912352,30.0399988520833,77.3360854903811,0.0925464294251926,0.089353933892792,1.0,0,27949761
91,137157556,20190415,,,,02001293+7722531,,J020012.87+772253.2,,,,STAR,2mass,30.05389,77.381439,2mass,0.0,,0.0,,,,,,126.7659,15.024566,68.841504,58.408144,20.253,0.198,,,,,,,,,,,,,16.096,0.106,15.158,0.113,15.125,0.146,ABB-222-111-000-0-0,,14.419,0.026,14.416,0.036,12.46,,8.993,,,,17.366,0.133,bpjk,,,,,,,,,,,,,,,,,,,,,,,,,,,,,,,,,,,,,,,,,,,,,,,,,,,,bpbj,,160.0,160.0,30.05389,77.381439,160.0,160.0,,0,27949772
92,137157560,20190415,,,,02002641+7723122,,J020026.42+772312.2,561865216481332992,,,STAR,tmgaia2,30.1099946337468,77.3867279345984,tmgaia2,14.5842,0.3665,5.08535,0.325944,gaia2,1.34976,0.19635,gaia2,126.776618608873,15.0330003097792,68.8657578226347,58.4040869585953,20.429,0.18,19.3186,0.0691,,,,,,,,,,,15.733,0.073,15.068,0.094,14.585,0.087,AAA-222-111-000-0-0,,14.704,0.029,14.761,0.041,12.529,,9.239,,18.3924,0.001861,17.2504,0.0111405,cdwrf,cdwrf,3568.0,161.0,4.67754,0.0547822,,,0.569067,0.0651487,0.562086,0.058155,3.05009,0.753387,DWARF,0.04728473,0.0196229778,741.076,118.519,0.341427,0.02339615,,,,,,0.022846,0.0239463,panstarrs,,,,,,,,,,,100.436,136.601,bj2018,,,cdwrf,19.5577,0.064677,17.287,0.007679,1.0,,gaia2,bpbj,cooldwarfs_v8,7.27981480981424,5.05453014754712,30.1102821882904,77.3867498300093,0.146481651644321,0.155683226580981,1.0,0,27949774
93,137158269,20190415,,,,02003722+7723531,,J020037.26+772353.0,561865250841078272,,,STAR,tmgaia2,30.1548775095925,77.3981391315582,tmgaia2,1.4034,0.324857,-0.762337,0.296831,gaia2,0.613467,0.182389,gaia2,126.783142391241,15.0466566773394,68.8941630812542,58.4062602622586,20.396,0.187,19.1196,0.0528,,,,,,,,,,,15.938,0.086,15.392,0.128,14.92,0.114,ABB-222-111-000-0-0,,14.533,0.027,14.533,0.037,12.923,,9.026,,18.4272,0.001724,17.4609,0.0112,rered,gaia2,4356.0,134.0,4.36932,,,,0.892539,,0.68,,0.956372,,DWARF,0.25840494,,1551.94,510.09,0.361977,0.0175179,,,,,,0.0145346,0.0205012,panstarrs,,,,,,,,,,,372.56,647.62,bj2018,,,dered,19.3271,0.036529,17.373,0.011118,1.0,,gaia2,bpbj,,6.4532637904149,4.60308055663181,30.1549052048759,77.3981358492753,0.134535151275427,0.142299808719271,1.0,0,27950228
94,137158284,20190415,,,,02003557+7723017,,J020035.56+772301.7,561865152058683136,60818021,,STAR,tmgaia2,30.1481878746997,77.3838498380037,tmgaia2,-10.9359,0.122649,3.063,0.116798,gaia2,1.17655,0.0797801,gaia2,126.785741133501,15.03251391493,68.8741582655292,58.3964394939525,17.76,0.0,16.308,0.06,,,,,,,,,,,14.764,0.035,13.99,0.045,13.894,0.05,AAA-222-111-000-0-0,,13.691,0.035,13.742,0.037,12.823,,9.322,,16.8488,0.000838,15.9637,0.0165,rered,gaia2,4600.0,123.0,4.46604,,,,0.827327,,0.73,,1.28911,,DWARF,0.2761089,,832.822,56.8875,0.345125,0.02737565,,,,,,0.0228492,0.0319021,panstarrs,,,,,,,,,,,53.093,60.682,bj2018,,,dered,17.6939,0.007702,15.9305,0.003744,1.0,,apassdr9,apassdr9,,2.436234187297,1.81122100864088,30.147972301547,77.3838630260069,0.0539087127250542,0.0555484111480839,1.0,0,27950243
95,137157525,20190415,,,,02001000+7719320,,J020010.09+771931.7,561841512557148032,,,STAR,tmgaia2,30.041639164876,77.325555874995,tmgaia2,0.0,,0.0,,,,,,126.778980800856,14.9700640017004,68.7676112561993,58.3677778026387,,,20.5191,0.1278,,,,,,,,,,,16.167,0.113,15.387,0.122,15.427,0.183,BBC-222-111-000-0-0,,14.978,0.03,14.849,0.042,13.15,,9.627,,19.4262,0.006986,18.3574,0.0358,gbprp,,,,,,,,,,,,,,,,,,,,,,,,,,,,,,,,,,,,,,,,,,,,,20.4743,0.136894,18.0024,0.017156,0.0,,gaia2,,,0.688023355359324,0.613528304433526,30.041639164876,77.325555874995,0.688023355359324,0.613528304433526,1.0,0,27949758
96,137157537,20190415,,,,02000611+7721132,,J020006.17+772113.3,561841615637908736,,,STAR,tmgaia2,30.0257589358556,77.3537328567814,tmgaia2,-5.66701,3.24757,0.395212,3.24755,hsoy,,,,126.767584332272,14.9962339835484,68.7978940264754,58.3913101122007,,,20.1478,0.0708,,,,,,,,,,,16.375,0.134,15.889,0.203,15.966,,BCU-220-110-000-0-0,,15.495,0.032,15.559,0.064,13.137,,9.511,,19.334,0.005386,18.3719,0.0182,gbprp,,,,,,,,,,,,,,DWARF,,,,,,,,,,,,,,,,,,,,,,,,,,,,,,,20.2174,0.069638,18.093,0.019427,0.0,,gaia2,,,64.4957745442019,50.3376179962945,30.025647487042,77.3537345584118,0.273910283607984,0.244335200594849,1.0,0,27949765
97,137158311,20190415,,,,02005643+7720174,,J020056.33+772017.9,561864769804701568,,,STAR,tmgaia2,30.2351934060697,77.3382053599746,tmgaia2,-1.95081,0.138754,-0.162491,0.13306,gaia2,0.19565,0.079512,gaia2,126.817666724108,14.9938488033134,68.844499527843,58.3494931965324,18.255,0.08,17.4162,0.0463,,,,,,,,,,,15.321,0.049,14.889,0.091,14.79,0.105,AAA-222-111-000-0-0,,14.646,0.027,14.733,0.042,12.778,,9.439,,17.0651,0.000851,16.3598,0.0076,rered,gaia2,5507.0,128.0,3.81099,,,,2.02732,,0.97,,0.116414,,DWARF,3.405652,,3530.88,884.305,0.350436,0.00724074,,,,,,0.00944811,0.00503337,panstarrs,,,,,,,,,,,716.77,1051.84,bj2018,,,dered,17.6675,0.012436,16.2995,0.004078,1.0,,gaia2,bpbj,,2.75532447143564,2.06344445266422,30.2351550872412,77.3382046603633,0.0639649033436759,0.0646954738041655,1.0,0,27950270
98,629767161,20190415,,,,,,,561865255137894784,,,STAR,gaia2,30.1539587337193,77.3966684876718,gaia2,-1.40188,0.761342,0.570695,0.610573,gaia2,0.271025,0.32076,gaia2,126.783359979161,15.0451873830243,68.8920315453945,58.4052825432758,,,19.7975,0.0676,,,,,,,,,,,,,,,,,,,,,,,,,,,19.3568,0.003391,18.5681,0.0137,rered,gaia2,5095.0,249.0,4.93819,,,,0.518381,,0.85,,6.10199,,DWARF,0.163143471,,2121.91,1002.66,0.363452,0.01682315,,,,,,0.0142672,0.0193791,panstarrs,,,,,,,,,,,732.31,1273.02,bj2018,,,dered,19.9761,0.086677,18.4329,0.029578,1.0,,gaia2,,,15.1230003413014,9.46707093144151,30.1539310716082,77.3966709448323,0.265242933842386,0.245721335871834,1.0,0,28776230
99,137118063,20190415,,,,01591750+7719483,,J015917.41+771948.8,561852881335213440,,,STAR,tmgaia2,29.8228772576431,77.3301973226417,tmgaia2,-1.91555,0.733403,2.24155,0.520956,gaia2,0.977279,0.306166,gaia2,126.729863427491,14.9615554792347,68.7044532086984,58.4028326981731,20.169,0.163,19.7777,0.0614,,,,,,,,,,,16.551,0.149,16.014,,16.428,,BUU-200-100-000-0-0,,16.301,0.044,17.232,0.257,13.074,,9.581,,19.2336,0.00322,18.3652,0.0105,rered,gaia2,4676.0,171.0,,,,,,,,,,,DWARF,,,1058.21,466.978,0.348877,0.01406725,,,,,,0.0114788,0.0166557,panstarrs,,,,,,,,,,,303.386,630.57,bj2018,,,dered,20.0193,0.063668,18.2955,0.021774,1.0,,gaia2,bpbj,,14.5614359174481,8.0779261764658,29.8228396548033,77.3302069737625,0.266804131960926,0.224066015511881,1.0,0,27124873
100,137157536,20190415,,,837-002947,01593491+7721124,,J015934.87+772112.6,561853328011830656,60553064,,STAR,tmgaia2,29.895592024538,77.3534888484351,tmgaia2,0.686198,0.130893,1.11118,0.117546,gaia2,0.292409,0.0763603,gaia2,126.739254103318,14.9882781036235,68.7566187844643,58.4098694403951,18.153,-0.16,17.401,0.06,,,,,,,,,,,15.4,0.063,15.169,0.101,14.929,0.119,AAB-222-111-000-0-0,,14.758,0.028,14.749,0.041,12.939,,9.089,,16.9872,0.000878,16.3307,0.0103,rered,gaia2,5845.0,126.0,4.10467,,,,1.50416,,1.05,,0.308539,,DWARF,2.37913227,,2854.89,621.675,0.358566,0.0125954,,,,,,0.0123899,0.0128009,panstarrs,,,,,,,,,,,508.24,735.11,bj2018,,,dered,17.5439,0.009278,16.2752,0.003067,1.0,,apassdr9,apassdr9,,2.5994818685359,1.82287204440457,29.8956055192206,77.3534936326827,0.0595159828986119,0.0575614185256487,1.0,0,27133851
101,137157552,20190415,,,,01590857+7722349,,J015908.58+772234.8,561853602889752448,,,STAR,tmgaia2,29.7857294633769,77.376370073556,tmgaia2,0.663473,2.23639,-5.31119,2.23899,hsoy,,,,126.708918857885,15.0038486756687,68.7508943678874,58.4429159877656,20.868,0.164,,,,,,,,,,,,,14.592,0.035,13.937,0.045,13.614,0.044,AAA-222-111-000-0-0,,13.456,0.024,13.293,0.025,13.221,,9.536,,17.8428,0.00479,16.619,0.0118,gbprp,,,,,,,,,,,,,,GIANT,,,,,,,,,,,,,,,,,,,,,,,,,,,,,,,19.5071,0.044414,16.4416,0.00624,0.0,,,bpbj,,44.4181323691118,34.7083633525944,29.7857425344176,77.3763472059326,0.554811784178242,0.528133256567439,-1.0,-1,27133860
102,137157554,20190415,,,,01595492+7722470,,J015954.93+772247.0,561876830072894720,,,STAR,tmgaia2,29.9788076344669,77.3797474367502,tmgaia2,1.52892,2.43756,2.01739,2.44146,hsoy,,,,126.750037805269,15.0184818561334,68.8157738776222,58.4176625828057,19.224,0.113,18.2698,0.0489,,,,,,,,,,,15.878,0.093,15.583,0.154,15.369,0.189,ABC-222-111-000-0-0,,15.241,0.03,15.556,0.068,13.074,,9.181,,17.8666,0.009861,17.1422,0.014,gbprp,,,,,,,,,,,,,,DWARF,,,,,,,,,,,,,,,,,,,,,,,,,,,,,,,18.3628,0.02602,16.8903,0.006337,0.0,,gaia2,bpbj,,48.4204135453266,37.8545243031346,29.9788377635557,77.3797561227367,0.893219205089004,0.948875597593858,-1.0,-1,27133862
103,629766397,20190415,,,,,,,561853637249496576,,,STAR,gaia2,29.8356306851091,77.3837071340183,gaia2,1.69618,0.920719,1.5144,0.687766,gaia2,0.807254,0.375197,gaia2,126.7177508614,15.0138449612906,68.7757995410163,58.4412415634582,,,19.9031,0.0563,,,,,,,,,,,,,,,,,,,,,,,,,,,19.616,0.004173,18.9949,0.0214,gbprp,gaia2,,,,,,,,,,,,,,,,1284.25,731.372,0.352469,0.0217881,,,,,,0.0246918,0.0188844,panstarrs,,,,,,,,,,,451.963,1010.78,bj2018,,,,20.0334,0.070672,18.8057,0.024892,0.0,,gaia2,,,18.2870162187267,10.6639721451662,29.8356641205649,77.3837136543538,0.310605758187385,0.277036845478219,1.0,1,27860846
104,137157533,20190415,,,,02000390+7720382,,J020003.92+772038.1,561841581278173440,,,STAR,tmgaia2,30.0160901342548,77.3439822774089,tmgaia2,1.97735,2.24282,-4.92469,2.24419,hsoy,,,,126.768218840065,14.9862749480288,68.7826254443862,58.3853513106016,19.779,0.167,18.1744,0.0483,,,,,,,,,,,14.672,0.035,13.902,0.041,13.607,0.046,AAA-222-111-000-0-0,,13.555,0.025,13.501,0.027,12.499,,8.956,,17.3234,0.006179,16.3453,0.0097,gbprp,,,,,,,,,,,,,,GIANT,,,,,,,,,,,,,,,,,,,,,,,,,,,,,,,18.3017,0.017964,16.1279,0.004133,0.0,,gaia2,bpbj,,44.5379545180366,34.791100653455,30.016128991835,77.3439610738852,0.709127210603471,0.654435654446255,-1.0,-1,27949762
105,137157534,20190415,,,,02003082+7720477,,J020030.90+772047.5,561864804164444416,,,STAR,tmgaia2,30.1288815325213,77.3464849776172,tmgaia2,0.0,,0.0,,,,,,126.792117991323,14.9954174095317,68.8213191620075,58.3710162959706,,,,,,,,,,,,,,,16.59,0.154,15.737,,15.87,,CUU-200-100-000-0-0,,15.507,0.033,15.619,0.07,12.785,,9.564,,20.0033,0.00634,18.8541,0.046,gbprp,,,,,,,,,,,,,,,,,,,,,,,,,,,,,,,,,,,,,,,,,,,,,21.3479,0.220582,18.5835,0.047494,0.0,,,,,0.503245994275832,0.467248760315433,30.1288815325213,77.3464849776172,0.503245994275832,0.467248760315433,1.0,0,27949763
106,137157559,20190415,,,837-002954,02000424+7723090,,J020004.29+772309.0,561876868729466752,60817918,,STAR,tmgaia2,30.0178500803681,77.3858550888653,tmgaia2,12.4971,2.23869,6.42276,2.23858,hsoy,,,,126.756818852477,15.0266758617185,68.8357098872002,58.4166534307387,17.04,0.085,16.024,0.092,,,,,,,,,,,13.667,0.023,13.201,0.029,13.035,0.031,AAA-222-111-000-0-0,,12.973,0.024,12.976,0.024,12.453,,9.362,,15.7256,0.007109,14.9896,0.0093,gbprp,,,,,,,,,,,,,,DWARF,,,,,,,,,,,,,,,,,,,,,,,,,,,,,,,16.2599,0.00423,14.7586,0.002595,0.0,,ucac4,apassdr9,,44.4669954157231,34.7026880713921,30.0180964670917,77.3858827425284,0.572631365655998,0.57100730314195,-1.0,-1,27949773
107,137158306,20190415,,,,02005353+7720371,,J020053.47+772037.6,561864769804705536,,,STAR,tmgaia2,30.2227733198517,77.3437555856899,tmgaia2,5.49453,0.392868,-2.8458,0.341583,gaia2,1.12309,0.211647,gaia2,126.813377145488,14.9984362779983,68.8475087334137,58.3554698581294,,,19.3304,0.0557,,,,,,,,,,,16.11,0.101,15.239,0.113,15.047,0.134,ABB-222-111-000-0-0,,15.097,0.029,15.087,0.048,12.883,,9.628,,18.5764,0.002316,17.5251,0.0120978,cdwrf,cdwrf,3735.0,160.0,4.68585,0.0753726,,,0.559392,0.0879414,0.553625,0.0789018,3.16277,1.09927,DWARF,0.0548642725,0.0270914286,893.748,196.62,0.339457,0.0109830555,,,,,,0.0141556,0.00781051,panstarrs,,,,,,,,,,,156.598,236.642,bj2018,,,cdwrf,19.5859,0.042959,17.5437,0.009954,1.0,,gaia2,,cooldwarfs_v8,7.80149639128834,5.29726192452117,30.222881292835,77.3437433329616,0.170080202214116,0.169903346493017,1.0,0,27950265
108,629765662,20190415,,,,,,,561841546918436224,,,STAR,gaia2,30.0560166680118,77.3375700900409,gaia2,3.70097,1.18758,0.356682,0.942917,gaia2,0.507053,0.497415,gaia2,126.778741146583,14.9824853643356,68.7871768589696,58.3747690553164,,,20.7685,0.1299,,,,,,,,,,,,,,,,,,,,,,,,,,,19.7897,0.00512,18.6781,0.0126,rered,gaia2,3957.0,153.0,4.55018,,,,0.692051,,0.62,,1.87059,,DWARF,0.10578756,,1655.63,982.756,0.362489,0.0179044,,,,,,0.0157661,0.0200427,panstarrs,,,,,,,,,,,672.002,1293.51,bj2018,,,dered,20.976,0.146747,18.64,0.024881,1.0,,gaia2,,,23.5800093764049,14.620268761166,30.0560893608088,77.3375716257649,0.403559689032043,0.384438549242964,1.0,0,28775920
109,629767136,20190415,,,,,,,561864769804699520,,,STAR,gaia2,30.2375034518014,77.3351064196176,gaia2,-2.36865,1.0813,2.8263,1.0507,gaia2,0.41598,0.525149,gaia2,126.819053518965,14.9910088405729,68.8413613425979,58.3468196236102,,,21.0404,0.0951,,,,,,,,,,,,,,,,,,,,,,,,,,,20.0585,0.006036,18.9481,0.0085,rered,gaia2,3946.0,135.0,4.61512,,,,0.636995,,0.61,,2.36005,,DWARF,0.08863302,,1736.36,1013.38,0.349739,0.00938249,,,,,,0.0138709,0.00489408,panstarrs,,,,,,,,,,,710.8,1315.95,bj2018,,,dered,21.2433,0.096872,18.9035,0.030809,1.0,,gaia2,,,21.4704498228857,16.2915078641961,30.2374569367399,77.3351185884134,0.418760375795761,0.429323032998866,1.0,0,28776205
110,629767143,20190415,,,,,,,561864838524191104,,,STAR,gaia2,30.1733634414115,77.3565487839808,gaia2,-1.88109,0.978156,2.13001,0.736994,gaia2,0.2213,0.392183,gaia2,126.798968616446,15.0077665158162,68.8479151806627,58.3722239928733,,,20.0708,0.0712,,,,,,,,,,,,,,,,,,,,,,,,,,,19.6687,0.004468,18.914,0.0138,rered,gaia2,5275.0,299.0,,,,,,,,,,,DWARF,,,2078.08,1050.9,0.36344,0.0168276,,,,,,0.0143012,0.019354,panstarrs,,,,,,,,,,,768.08,1333.72,bj2018,,,dered,20.2694,0.099978,18.7991,0.032912,1.0,,gaia2,,,19.4241233769997,11.42737786339,30.1733264393275,77.3565579548598,0.327888132078005,0.301226401642532,1.0,0,28776212
111,629767159,20190415,,,,,,,561865220778159232,,,STAR,gaia2,30.0588256519324,77.3893177971421,gaia2,2.21171,1.12615,1.55547,0.841484,gaia2,-0.102651,0.448886,gaia2,126.764757390103,15.0324430382304,68.8529280461308,58.4133801417307,,,20.4068,0.0798,,,,,,,,,,,,,,,,,,,,,,,,,,,19.8472,0.004886,18.9663,0.0129,rered,gaia2,4665.0,224.0,4.7889,,,,0.574378,,0.74,,3.90515,,DWARF,0.140765965,,2337.44,1140.89,0.363508,0.016822,,,,,,0.0141486,0.0194954,panstarrs,,,,,,,,,,,868.93,1412.84,bj2018,,,dered,20.5644,0.101528,18.8151,0.031528,1.0,,gaia2,,,22.3680167054883,13.0474421581949,30.0588692687064,77.3893244943082,0.367487311250461,0.340361130913975,1.0,0,28776228
112,629767893,20190415,,,,,,,561876864432638208,,,STAR,gaia2,30.0455585846498,77.3846404427716,gaia2,-0.572823,0.449707,0.642658,0.392082,gaia2,0.0717223,0.258856,gaia2,126.763190311206,15.0271534233079,68.8428902666269,58.4117595314979,,,19.3563,0.0533,,,,,,,,,,,,,,,,,,,,,,,,,,,18.9254,0.002812,18.1451,0.0137,rered,gaia2,5138.0,173.0,4.59008,,,,0.782989,,0.87,,1.81239,,DWARF,0.3849307,,2681.53,1105.85,0.363582,0.016713,,,,,,0.0138657,0.0195603,panstarrs,,,,,,,,,,,851.96,1359.74,bj2018,,,dered,19.5881,0.048159,18.063,0.01553,1.0,,gaia2,,,8.93260851931682,6.08019901545882,30.0455472922209,77.3846432097716,0.187922254258216,0.18867236190143,1.0,0,28776622
113,629767166,20190415,,,,,,,561865353920288000,,,STAR,gaia2,30.2586759169608,77.3847912847376,gaia2,2.2513,0.890584,-1.67357,0.667485,gaia2,0.084867,0.411763,gaia2,126.809499188931,15.0400485511473,68.9100902925263,58.3813228199142,,,20.3654,0.0813,,,,,,,,,,,,,,,,,,,,,,,,,,,19.8595,0.005911,19.0177,0.0137,rered,gaia2,4849.0,267.0,4.95689,,,,0.489103,,0.79,,6.75191,,DWARF,0.11915268,,2211.59,1087.41,0.367734,0.0187721,,,,,,0.02478,0.0127642,panstarrs,,,,,,,,,,,814.17,1360.64,bj2018,,,dered,20.5998,0.112408,18.9404,0.024505,1.0,,gaia2,,,17.6895246443309,10.3512182542333,30.2587202988105,77.3847840790926,0.350414507090945,0.328087239108374,1.0,0,28776235
114,629767888,20190415,,,,,,,561876830072889984,,,STAR,gaia2,30.00804251806,77.3705982817254,gaia2,-3.72469,0.720261,3.12195,0.550377,gaia2,0.787399,0.299828,gaia2,126.758976467307,15.0114108586725,68.8134750392432,58.4065681684712,,,19.8711,0.0809,,,,,,,,,,,,,,,,,,,,,,,,,,,19.2389,0.00376,18.3096,0.0128,rered,gaia2,4480.0,193.0,4.94533,,,,0.466572,,0.7,,6.89196,,DWARF,0.07900299,,1282.85,615.724,0.361077,0.01996295,,,,,,0.0186566,0.0212693,panstarrs,,,,,,,,,,,397.348,834.1,bj2018,,,dered,20.094,0.099476,18.2299,0.022195,1.0,,gaia2,,,14.3043165623486,8.53373787580154,30.0079691711625,77.3706117234647,0.248782200665673,0.222241560914156,1.0,0,28776620
